id,mz,rt,rtmin,rtmax,mean_inten,CPD-D-60m,CPD-H-60m,CPD-M-60m,CPD-R-60m
112,630.87346,3.0582,3.008,3.1094,85050.0,1128.0,2862.0,25.69,26.47
113,585.37568,3.0799,2.9205,3.2578,254200.0,12040.0,4916.0,566.6,8282.0
114,541.34965,3.1307,3.0803,3.2379,113700.0,2059.0,5567.0,197.2,811.1
115,760.88091,3.1807,3.1185,3.2599,176600.0,605.0,5788.0,46.29,26.89
116,487.30638,3.2171,3.1746,3.2688,73900.0,385.9,2777.0,,
117,608.82494,3.3786,3.2869,3.4911,101300.0,3781.0,358.1,31.08,84.31
118,786.16571,3.3666,3.227,3.9587,247300.0,53620.0,35870.0,19350.0,9163.0
119,373.26462,3.3707,3.3095,3.5289,116600.0,5090.0,3860.0,5140.0,4324.0
121,372.25987,3.3707,3.3195,3.7888,639800.0,28090.0,25710.0,32290.0,27880.0
122,875.55053,3.3378,3.2599,3.4647,170400.0,6640.0,1623.0,,70.74
123,395.21093,3.5138,3.3756,3.5968,74640.0,86.41,2736.0,46.4,45.12
124,358.20779,3.4186,3.3188,3.7772,682200.0,30860.0,29560.0,36330.0,33680.0
125,386.23901,3.4209,3.3261,3.7105,600800.0,27460.0,27340.0,31100.0,28790.0
126,356.22839,3.4209,3.3678,3.501,91380.0,3871.0,3504.0,4491.0,3842.0
127,500.31379,3.4538,3.3195,3.6132,92130.0,3710.0,123.7,41.9,
128,457.11258,3.4338,3.3931,3.7184,194100.0,8676.0,11860.0,2966.0,1997.0
130,372.18704,3.4659,3.3398,3.7772,179000.0,8333.0,9810.0,9285.0,8865.0
131,377.14596,3.576,3.5328,3.8803,556800.0,13750.0,24170.0,10930.0,15550.0
132,370.20786,3.4726,3.387,3.5498,143200.0,7638.0,7570.0,8319.0,8017.0
133,471.35496,3.4952,3.4514,3.6094,77190.0,2895.0,2699.0,3032.0,2964.0
134,640.83341,3.4102,3.3069,3.6094,144400.0,4970.0,174.2,,
135,393.20992,3.5278,3.4423,3.6564,100900.0,4778.0,3860.0,5955.0,4724.0
136,371.22816,3.5278,3.4928,3.6281,528400.0,17340.0,15970.0,19270.0,17160.0
137,388.25485,3.5278,3.4802,3.8781,4108000.0,174700.0,146000.0,189000.0,177800.0
138,416.28606,3.5278,3.4802,3.8723,695000.0,32410.0,24640.0,32340.0,30590.0
139,520.80415,3.552,3.502,3.6551,190300.0,686.1,7979.0,,
140,385.20747,3.576,3.5077,3.7357,126000.0,3861.0,4039.0,4950.0,3921.0
141,447.286,3.576,3.4569,3.8151,140700.0,12800.0,5889.0,15440.0,15160.0
143,402.23432,3.576,3.523,3.9887,1015000.0,40390.0,40120.0,45800.0,44500.0
144,430.26499,3.576,3.4961,3.9213,606200.0,26700.0,20760.0,30340.0,26730.0
146,400.25466,3.5864,3.4911,3.6853,107200.0,4735.0,3731.0,4710.0,4223.0
147,416.21333,3.6274,3.523,3.8349,205500.0,7631.0,10120.0,9828.0,9601.0
149,506.77457,3.626,3.5968,3.7483,109800.0,4466.0,29.48,,
150,414.23394,3.6427,3.5542,3.7213,211100.0,8916.0,9098.0,10500.0,10690.0
151,356.22844,3.6463,3.5829,4.1606,3934000.0,176300.0,151600.0,192500.0,199900.0
152,605.36502,3.6494,3.6185,3.6853,122600.0,4230.0,280.7,,
153,415.25436,3.6621,3.6276,3.8228,1080000.0,43080.0,36330.0,47290.0,45270.0
154,432.28121,3.6621,3.6132,4.0308,4953000.0,213600.0,187700.0,232200.0,225000.0
155,460.31215,3.6621,3.6132,4.0221,927200.0,35420.0,30670.0,40880.0,38440.0
157,437.2363,3.6657,3.6132,3.7916,109200.0,3882.0,2818.0,5428.0,4271.0
158,563.29723,3.687,3.5542,4.0385,182200.0,20540.0,15440.0,22970.0,22190.0
159,475.28102,3.6964,3.5862,4.1085,696800.0,73020.0,68950.0,85840.0,84970.0
160,370.20787,3.7118,3.6419,3.8637,329200.0,14950.0,15430.0,18430.0,16940.0
161,429.23381,3.7118,3.6553,3.9235,159900.0,6343.0,5861.0,6862.0,6425.0
162,446.26047,3.7118,3.6787,3.7653,1029000.0,32370.0,30470.0,36230.0,35590.0
163,460.23965,3.7668,3.6879,3.9444,225400.0,10220.0,10400.0,10390.0,10430.0
164,459.28045,3.7807,3.7419,3.9587,950500.0,40860.0,36300.0,41000.0,41530.0
165,430.22574,3.7807,3.6158,3.931,140900.0,12890.0,8434.0,7401.0,13980.0
166,458.26001,3.7843,3.7105,3.9378,195500.0,9538.0,9562.0,10070.0,11410.0
167,476.30741,3.7843,3.7357,4.1949,5421000.0,251200.0,225900.0,258800.0,255400.0
168,504.33845,3.7843,3.7419,3.9876,747000.0,32010.0,27840.0,29160.0,29330.0
169,370.24393,3.7866,3.6771,3.9068,127500.0,5511.0,4696.0,9519.0,7394.0
170,355.19659,3.8189,3.7772,3.9788,915500.0,38300.0,36150.0,40050.0,40270.0
171,372.22332,3.8189,3.7646,4.7252,15360000.0,774700.0,683400.0,824700.0,872800.0
172,400.25469,3.8189,3.7509,4.2682,3161000.0,148500.0,132900.0,155300.0,156000.0
173,377.17844,3.8224,3.7653,3.9809,481000.0,18920.0,19010.0,21640.0,23550.0
174,518.31784,3.8368,3.7888,3.9444,296700.0,9362.0,7973.0,10030.0,9542.0
175,490.28656,3.8368,3.7509,4.2178,1036000.0,42900.0,42770.0,45550.0,45850.0
176,504.27884,3.8368,3.7184,4.1537,428700.0,25630.0,34080.0,37020.0,39580.0
177,503.27594,3.8368,3.7646,4.1806,1455000.0,123800.0,126000.0,138900.0,141900.0
181,386.20259,3.8801,3.829,4.0509,631600.0,28060.0,29220.0,30890.0,30180.0
182,414.23181,3.8801,3.7105,4.0961,298300.0,17020.0,18260.0,19260.0,20560.0
183,548.36491,3.8945,3.8464,4.0365,537200.0,20020.0,17250.0,21830.0,20050.0
184,520.33394,3.8945,3.8464,4.4096,5533000.0,235400.0,206700.0,252800.0,223600.0
185,474.25509,3.9089,3.8637,3.9645,185800.0,7740.0,6422.0,8399.0,7056.0
186,534.31285,3.9516,3.8609,4.0941,743800.0,31250.0,31300.0,33890.0,33510.0
187,591.29202,3.9084,3.7646,4.2682,296900.0,20470.0,20260.0,23760.0,26110.0
188,371.22791,3.966,3.9213,4.0365,692000.0,24040.0,21150.0,26280.0,24680.0
189,399.22297,3.966,3.9167,4.1317,1652000.0,70630.0,58110.0,71850.0,70790.0
190,416.2495,3.966,3.904,4.6394,18760000.0,889900.0,807700.0,912300.0,958100.0
191,421.20465,3.966,3.9167,4.1249,346400.0,14410.0,15890.0,16190.0,17430.0
192,444.28079,3.966,3.904,4.3183,2860000.0,126100.0,107000.0,124700.0,118000.0
193,591.3281,3.966,3.9068,4.1968,178400.0,6227.0,5718.0,6263.0,11480.0
194,503.31138,3.9701,3.8464,4.2664,525200.0,33880.0,49860.0,38880.0,38950.0
195,464.22843,4.0884,3.9598,4.2329,928300.0,541.5,38050.0,580.3,302.3
196,592.39098,3.9948,3.9444,4.1172,335200.0,12960.0,10040.0,13250.0,11920.0
197,547.33337,3.9948,3.95,4.1461,293700.0,11280.0,8894.0,12280.0,11190.0
198,564.36006,3.9948,3.9444,4.3095,4519000.0,187000.0,163600.0,196800.0,193600.0
199,453.34398,4.0021,3.9665,4.1328,149200.0,4527.0,5320.0,4317.0,6747.0
200,548.29206,3.9948,3.9357,4.2252,180400.0,7030.0,6749.0,8794.0,8791.0
201,416.28526,4.1282,3.866,4.2045,179300.0,7481.0,8009.0,8558.0,10280.0
202,518.28154,4.0236,3.9091,4.175,181200.0,9464.0,8285.0,8485.0,11110.0
203,430.22911,4.0236,3.9743,4.2375,869300.0,36810.0,37450.0,43380.0,42030.0
204,531.27114,4.0236,3.9068,4.297,1368000.0,72300.0,78260.0,85300.0,91810.0
206,420.23845,4.0273,3.9743,4.1461,191400.0,7392.0,5792.0,7484.0,7433.0
207,458.25952,4.0308,3.9455,4.211,284600.0,14150.0,14530.0,15750.0,18170.0
208,578.33916,4.0452,3.9743,4.2319,468400.0,20640.0,20030.0,19470.0,19370.0
209,390.35812,4.0464,3.9598,4.2045,307500.0,,13370.0,,
210,506.30553,4.1676,4.0175,4.2463,1390000.0,45620.0,5046.0,49710.0,49210.0
211,368.22824,4.0561,3.8464,4.2616,130400.0,6547.0,8834.0,7625.0,7565.0
212,400.29113,4.0596,3.9731,4.2252,143900.0,8291.0,7757.0,8463.0,10030.0
213,355.23287,4.056,3.9731,4.3811,170700.0,12110.0,11730.0,14280.0,13760.0
214,608.38585,4.0813,4.032,4.5516,3637000.0,143400.0,128600.0,156500.0,149800.0
215,636.41691,4.0849,4.0365,4.1806,216400.0,7175.0,6374.0,6570.0,7027.0
216,377.21493,4.0885,3.9933,4.2826,186200.0,11870.0,11010.0,12940.0,13100.0
217,465.23115,4.092,3.9598,4.297,301600.0,14610.0,25160.0,13940.0,16790.0
218,463.28359,4.0957,4.0452,4.2375,133900.0,5163.0,4868.0,6036.0,5400.0
219,415.25402,4.0957,4.0464,4.252,725300.0,33290.0,26750.0,34800.0,34520.0
220,443.24912,4.0957,4.0365,4.3326,2124000.0,102300.0,91710.0,104800.0,107900.0
221,460.27568,4.0957,4.032,4.8975,22950000.0,1192000.0,1108000.0,1250000.0,1258000.0
222,488.30725,4.0957,4.032,4.4397,2186000.0,109300.0,100300.0,112100.0,114900.0
223,592.31639,4.0957,4.0464,4.2682,136600.0,4885.0,4917.0,5606.0,6145.0
224,562.3076,4.1245,4.0077,4.2037,169000.0,7274.0,5829.0,8037.0,8038.0
225,414.27013,4.1245,4.0464,4.2761,140900.0,10460.0,10250.0,11760.0,11570.0
226,622.36545,4.1389,4.0751,4.2092,342100.0,12520.0,11710.0,13830.0,12430.0
227,619.28691,4.1461,4.0241,4.2375,345500.0,24780.0,26740.0,28950.0,30740.0
228,550.33172,4.268,4.1105,4.3527,1299000.0,44500.0,42860.0,50670.0,6852.0
229,391.1941,4.1497,3.8609,4.3904,249300.0,19980.0,21770.0,22100.0,23050.0
230,502.28624,4.1569,4.0464,4.2808,252400.0,9480.0,10180.0,11120.0,11550.0
231,474.25515,4.1569,4.1029,4.4096,1252000.0,50460.0,46760.0,60700.0,58100.0
232,388.34246,4.1755,3.8464,4.2905,330800.0,38.32,16310.0,,
233,652.4122,4.1677,4.1183,4.481,2290000.0,93240.0,74760.0,101000.0,99990.0
235,531.3048,4.1785,4.1183,4.6461,1182000.0,98290.0,92090.0,108200.0,112900.0
237,399.25916,4.1999,4.1029,4.4609,269500.0,21970.0,20520.0,24920.0,25640.0
238,487.27527,4.2071,4.1472,4.546,1742000.0,80180.0,67620.0,82350.0,84090.0
239,504.30185,4.2071,4.1472,4.9337,28000000.0,1328000.0,1212000.0,1388000.0,1417000.0
240,532.33299,4.2071,4.1373,4.4609,1992000.0,95020.0,76360.0,92810.0,92670.0
241,509.25714,4.2106,4.1537,4.3687,363900.0,15310.0,12000.0,15100.0,15650.0
242,371.10601,4.2248,4.1662,4.4114,532900.0,24940.0,22400.0,27570.0,27330.0
243,361.14677,4.2319,4.1328,4.4182,1439000.0,74950.0,66440.0,57710.0,60480.0
244,356.19166,4.2319,4.1759,4.3615,32500000.0,1452000.0,1438000.0,1621000.0,1666000.0
245,370.20717,4.2319,4.1682,4.4182,261500.0,14250.0,12140.0,15150.0,15700.0
246,384.2229,4.2319,4.1662,4.7186,7901000.0,426400.0,427700.0,426200.0,456800.0
247,619.32289,4.239,4.0741,4.4968,289600.0,21520.0,21310.0,25490.0,26540.0
248,566.42795,4.239,4.2045,4.4114,249600.0,8115.0,8125.0,8956.0,10890.0
249,696.43797,4.2426,4.1949,4.4321,721900.0,32020.0,23330.0,34010.0,30510.0
250,518.28137,4.2678,4.2092,4.4321,1324000.0,53550.0,51670.0,60230.0,61840.0
251,435.22031,4.2822,4.0895,4.5315,254100.0,18940.0,16860.0,19780.0,20390.0
252,551.33642,4.3074,4.2473,4.4767,197500.0,7705.0,7839.0,8684.0,8932.0
253,548.32841,4.3074,4.2473,4.9552,22560000.0,1119000.0,996500.0,1179000.0,1179000.0
254,553.28327,4.311,4.2616,4.4397,251600.0,11650.0,9871.0,11930.0,12600.0
255,576.35935,4.311,4.211,4.5315,1393000.0,64120.0,52480.0,65540.0,65050.0
256,443.28524,4.3182,4.2045,4.6188,466600.0,36790.0,35360.0,38730.0,38630.0
257,460.31151,4.3326,4.2092,4.6249,309400.0,35410.0,34160.0,36930.0,39010.0
258,559.30173,4.3506,4.2761,4.5536,678300.0,29790.0,33420.0,31990.0,36740.0
259,562.30735,4.3684,4.3095,4.5604,1369000.0,54160.0,54900.0,55150.0,60130.0
260,383.19127,4.3789,4.3095,4.6316,344600.0,17120.0,16390.0,15790.0,15420.0
261,355.19616,4.3824,4.3192,4.5825,993800.0,48240.0,46450.0,44870.0,52230.0
262,400.21793,4.3824,4.3239,4.5315,46760000.0,2219000.0,2168000.0,2181000.0,2345000.0
263,428.24918,4.3824,4.3113,4.7829,6080000.0,268700.0,253200.0,252200.0,311200.0
264,405.17295,4.3824,4.2616,4.5804,1286000.0,43090.0,57400.0,54200.0,49710.0
265,597.30919,4.3966,4.3401,4.5765,279800.0,9409.0,10530.0,7867.0,11040.0
266,575.32765,4.3966,4.3383,4.6108,795700.0,28390.0,26160.0,25140.0,30900.0
267,592.35435,4.3966,4.3337,5.0128,22320000.0,955000.0,873400.0,887600.0,1011000.0
268,620.38529,4.3966,4.2952,4.6086,1246000.0,46180.0,40940.0,41750.0,49950.0
269,595.36215,4.3966,4.3383,4.5036,255100.0,9020.0,8063.0,8401.0,9646.0
270,476.22793,4.4002,4.3337,4.4624,621500.0,22310.0,20390.0,20930.0,22330.0
271,487.31136,4.4146,4.2905,4.8088,675000.0,51670.0,48660.0,48340.0,54390.0
272,752.87564,4.3931,4.3337,4.5227,222200.0,229.8,93.05,15720.0,210.6
273,753.08877,4.4715,4.3811,4.5968,252600.0,452.9,124.6,9248.0,266.3
274,504.33802,4.425,4.2895,4.7542,512400.0,54470.0,54180.0,52180.0,59390.0
275,647.31785,4.425,4.367,4.5315,364000.0,14460.0,15640.0,12930.0,16130.0
277,606.33355,4.4574,4.4048,4.6461,929000.0,44530.0,46230.0,42110.0,47630.0
278,434.31152,4.4646,4.4038,4.6049,499700.0,4175.0,19420.0,1069.0,2672.0
279,619.35369,4.4825,4.4192,4.6316,371400.0,18270.0,13710.0,14550.0,16490.0
280,636.38049,4.4825,4.4192,5.0918,13560000.0,708000.0,573900.0,613000.0,636700.0
281,664.41143,4.4825,4.4235,4.6749,515300.0,27270.0,20200.0,23050.0,25110.0
282,518.3173,4.4895,4.3687,4.5946,280000.0,17320.0,24360.0,22580.0,26250.0
283,531.33762,4.5,4.4038,4.7904,795700.0,46730.0,47260.0,43720.0,48100.0
284,449.19903,4.5034,4.438,4.6946,819600.0,31890.0,31130.0,38340.0,31320.0
285,371.22749,4.5034,4.4541,4.5749,571500.0,24330.0,22100.0,20460.0,23370.0
286,399.22255,4.5034,4.448,4.732,1704000.0,81700.0,79070.0,70080.0,80980.0
287,427.21756,4.5034,4.4465,4.7397,583400.0,29050.0,29390.0,27640.0,29400.0
288,444.24416,4.5034,4.448,4.6461,58990000.0,2855000.0,2911000.0,2751000.0,2912000.0
289,472.27537,4.5034,4.4336,4.8831,4008000.0,194500.0,189900.0,178800.0,197800.0
290,548.36379,4.5034,4.3383,4.8975,904600.0,85640.0,89230.0,84080.0,91560.0
291,447.25174,4.5034,4.438,4.6946,372000.0,15580.0,15690.0,14810.0,15870.0
292,576.39521,4.5034,4.4114,4.7036,337200.0,19850.0,17540.0,17350.0,18890.0
293,539.2619,4.5245,4.3811,4.637,267500.0,4309.0,9681.0,12620.0,5057.0
294,650.35988,4.5389,4.4896,4.732,855900.0,40080.0,38420.0,37980.0,42130.0
295,680.40693,4.5569,4.4828,4.9552,5493000.0,268100.0,181100.0,227800.0,220700.0
296,388.33645,4.6296,4.4048,4.9626,2003000.0,,111200.0,,52.47
297,575.36423,4.5822,4.495,4.8756,570400.0,34370.0,32820.0,33050.0,35590.0
298,476.26411,4.5858,4.5333,4.7946,503300.0,32820.0,28220.0,31500.0,31370.0
299,562.34346,4.5929,4.4609,4.8975,353200.0,35500.0,37300.0,34030.0,43080.0
300,448.23316,4.4538,4.1328,4.5315,758700.0,79740.0,62210.0,74220.0,75840.0
301,592.39036,4.5998,4.4767,4.9237,1345000.0,119500.0,115700.0,121000.0,124100.0
302,416.3001,4.6642,4.5227,4.9193,638200.0,26330.0,21420.0,4438.0,6746.0
303,491.27817,4.6105,4.5315,4.7397,466100.0,21530.0,20660.0,20550.0,19660.0
304,493.22548,4.6105,4.5036,4.7176,601100.0,32010.0,24390.0,22570.0,29070.0
305,443.24878,4.6105,4.5516,4.8088,908000.0,44430.0,46430.0,46280.0,43450.0
306,471.2437,4.6105,4.5477,4.8477,629300.0,28520.0,30890.0,29770.0,28710.0
307,488.27048,4.6105,4.5621,4.7464,65300000.0,2953000.0,3014000.0,3039000.0,3006000.0
308,516.30167,4.6105,4.5477,4.9407,2778000.0,125800.0,120600.0,131000.0,125100.0
309,694.3859,4.6174,4.5477,4.7829,460600.0,21010.0,15510.0,18970.0,17950.0
310,374.35296,4.5569,4.4336,4.7763,334600.0,,20750.0,90.09,
311,724.43249,4.6245,4.566,4.8477,1426000.0,63020.0,39930.0,54620.0,45610.0
312,476.22822,4.6105,4.5393,4.8975,4316000.0,580000.0,549000.0,570300.0,563900.0
313,606.36969,4.6821,4.5477,4.9626,451000.0,43200.0,49340.0,41710.0,41580.0
314,636.41664,4.6964,4.5621,5.1068,1132000.0,104500.0,85790.0,94260.0,89040.0
315,576.36037,4.6893,4.448,4.8761,298100.0,43500.0,47960.0,43500.0,43100.0
316,845.21417,4.7537,4.5477,4.9696,293300.0,393.6,109.4,455.3,26790.0
317,487.2752,4.7105,4.6461,4.9264,513600.0,22500.0,23750.0,23190.0,24750.0
318,515.27011,4.7105,4.6475,4.984,564600.0,25080.0,28100.0,25610.0,25930.0
319,532.29693,4.7105,4.6539,4.8233,62090000.0,2626000.0,2826000.0,2648000.0,2661000.0
320,537.25158,4.7105,4.662,4.7686,534900.0,19310.0,20970.0,18160.0,20930.0
321,560.32775,4.7105,4.6331,5.1928,2203000.0,88050.0,101800.0,91100.0,95970.0
322,535.30454,4.7105,4.6475,4.8377,529900.0,21900.0,22750.0,21290.0,23000.0
323,386.32641,4.7181,4.4907,4.9626,735100.0,96.63,47950.0,,
324,680.44273,4.7247,4.6188,5.0636,513800.0,45690.0,37070.0,40580.0,37290.0
325,650.39514,4.7319,4.6316,5.0058,313400.0,34700.0,29210.0,31280.0,31010.0
326,894.81066,4.7785,4.5946,4.9043,232300.0,274.0,534.3,462.1,17490.0
327,620.38704,4.7572,4.5968,5.0849,390700.0,43110.0,42730.0,41650.0,45150.0
329,789.47319,4.7465,4.6763,4.9525,243600.0,218.9,187.7,22910.0,471.6
330,581.27781,4.7964,4.7228,4.9815,483100.0,17420.0,17680.0,20170.0,20700.0
331,750.00035,4.7749,4.7109,4.9525,246200.0,252.8,231.9,20910.0,538.3
332,833.10421,4.8216,4.7373,4.9119,281700.0,638.4,389.3,14020.0,221.7
333,559.29659,4.7964,4.7331,5.0492,628000.0,21330.0,29030.0,24100.0,25880.0
334,576.32314,4.7964,4.7397,4.9187,53950000.0,1919000.0,2442000.0,2092000.0,2292000.0
335,604.35397,4.7964,4.7046,5.25,1525000.0,62360.0,81390.0,63340.0,72330.0
336,531.30167,4.7964,4.6946,4.9525,357500.0,13080.0,13420.0,14600.0,14330.0
338,504.25926,4.8,4.7609,4.8521,624400.0,21390.0,24440.0,24330.0,22820.0
339,495.27169,4.8107,4.7517,4.967,419800.0,2705.0,4758.0,21420.0,2514.0
340,833.26948,4.8682,4.7373,5.0831,326500.0,380.1,183.9,29950.0,452.4
341,575.26053,4.8143,4.6249,5.0105,210600.0,18740.0,27790.0,29460.0,28050.0
342,504.22317,4.8251,4.7904,5.0052,5063000.0,541100.0,215200.0,449500.0,571700.0
343,664.41169,4.8251,4.6475,4.9331,244400.0,22800.0,19390.0,21600.0,21410.0
344,476.26426,4.8575,4.7829,5.1784,762300.0,41160.0,40900.0,35720.0,39310.0
345,603.3226,4.8717,4.8045,5.1404,516800.0,21830.0,25020.0,21900.0,22330.0
346,620.34938,4.8717,4.8189,5.0197,37150000.0,1665000.0,1810000.0,1609000.0,1756000.0
347,648.3803,4.8717,4.7763,5.1923,943900.0,47120.0,50930.0,43670.0,49950.0
348,625.30412,4.8752,4.8333,4.9481,370600.0,13070.0,15960.0,13540.0,15750.0
349,509.28746,4.8823,4.8377,5.0773,984400.0,24030.0,5514.0,40440.0,4301.0
351,358.33161,4.8832,4.8045,5.0058,216300.0,53.4,11130.0,,
352,520.25444,4.9328,4.8619,5.0849,167900.0,8664.0,7896.0,6441.0,7599.0
354,692.4068,4.94,4.8546,5.2356,423900.0,21450.0,18530.0,15270.0,17910.0
355,664.37585,4.9436,4.8949,5.0629,16900000.0,776000.0,622900.0,544500.0,655700.0
356,647.34881,4.94,4.8756,5.1923,231700.0,12310.0,9322.0,8761.0,10350.0
357,683.22837,4.9761,4.8546,5.1068,196600.0,233.5,96.4,15480.0,176.2
358,715.81284,5.0013,4.8949,5.1418,216900.0,242.5,363.8,11190.0,495.6
359,834.8876,5.0085,4.8045,5.1418,328400.0,475.1,1516.0,32420.0,656.0
360,884.00188,5.0482,4.9093,5.1404,235100.0,310.3,149.0,27410.0,346.4
362,393.20358,4.9581,4.8949,5.0636,341700.0,12910.0,9716.0,2403.0,3793.0
363,715.86278,4.915,4.7829,5.2119,195600.0,248.8,243.5,23500.0,331.3
364,751.44799,4.9942,4.8114,5.1692,286700.0,369.4,416.8,33070.0,263.0
365,790.88844,4.9653,4.7829,5.164,256200.0,658.7,434.2,19910.0,337.0
366,834.82887,4.9977,4.9093,5.0831,247100.0,492.9,545.8,26860.0,866.8
367,883.88059,4.9473,4.797,5.1346,310400.0,329.3,360.1,25820.0,277.6
368,476.22848,4.9978,4.8897,5.293,1987000.0,277500.0,256300.0,113300.0,233000.0
369,751.39209,4.9546,4.8038,5.0347,226900.0,234.6,392.5,17480.0,620.6
370,834.76935,4.9439,4.8114,5.1207,225200.0,423.3,270.8,27100.0,884.5
371,504.25978,5.0122,4.9407,5.2641,5011000.0,302700.0,283900.0,172100.0,263100.0
372,505.26277,5.0122,4.8949,5.2498,1565000.0,93910.0,91210.0,42980.0,79480.0
373,708.4022,5.0122,4.8805,5.2119,4336000.0,208600.0,153000.0,187500.0,158000.0
374,491.24079,5.0375,4.9908,5.2072,191000.0,1505.0,7538.0,1654.0,1208.0
375,603.29218,5.0447,4.9525,5.1496,219900.0,14010.0,14590.0,7992.0,12040.0
376,416.30071,5.0483,4.8326,5.1404,369600.0,32630.0,8492.0,1017.0,5136.0
377,752.42828,5.07,4.984,5.2571,1508000.0,95270.0,57910.0,65060.0,80980.0
379,466.19965,5.0627,4.9237,5.3218,356000.0,50820.0,46920.0,12040.0,43950.0
380,822.90883,5.1489,5.025,5.2789,253100.0,662.4,339.6,15930.0,265.3
381,868.51342,5.1598,5.0395,5.2356,233700.0,426.5,227.6,25120.0,244.4
382,603.25544,5.088,4.9626,5.2838,172400.0,18440.0,22120.0,7817.0,18730.0
384,386.31679,5.0021,4.8975,5.2645,1345000.0,,55810.0,,51.97
385,868.56886,5.0914,4.9331,5.3967,243600.0,353.7,230.7,36470.0,252.0
387,391.3167,5.1068,5.0636,5.3076,1079000.0,,43430.0,,
388,523.26705,5.1132,5.0058,5.4208,3250000.0,132700.0,136800.0,80870.0,90420.0
389,509.25162,5.1132,5.0705,5.2427,567200.0,7796.0,16290.0,6942.0,25200.0
390,520.21849,5.1132,4.7542,5.5911,680100.0,92640.0,106400.0,76400.0,95580.0
391,822.96278,5.1201,5.0058,5.2838,223800.0,479.7,291.4,27090.0,249.1
392,372.34754,5.1279,5.0203,5.4352,3570000.0,48.94,178800.0,,
393,509.28761,5.1704,5.126,5.3967,1233000.0,50510.0,11890.0,43250.0,18600.0
396,370.33192,5.2387,5.0779,5.4352,903700.0,129.8,46380.0,52.79,56.01
397,495.27177,5.1811,5.1352,5.3543,265100.0,3829.0,2214.0,14910.0,7638.0
398,504.22345,5.1992,5.0629,5.3639,16580000.0,1965000.0,2042000.0,1528000.0,1774000.0
399,505.22665,5.1992,5.0128,5.4064,4789000.0,561000.0,471000.0,351900.0,548900.0
400,377.33742,5.2086,5.1068,5.3214,269300.0,239.1,12200.0,264.3,
401,532.25482,5.2171,5.1634,5.293,7185000.0,315700.0,324300.0,257400.0,287000.0
402,533.25805,5.2171,5.1634,5.293,2247000.0,96470.0,101500.0,81480.0,88460.0
403,375.32194,5.2373,5.1784,5.4208,291500.0,47.08,14530.0,134.0,
404,451.27023,5.2242,5.164,5.3218,232900.0,11910.0,11420.0,8744.0,10460.0
405,868.39334,5.2027,5.0636,5.4391,140200.0,378.8,199.2,15160.0,296.8
406,494.19454,5.2207,5.1068,5.3354,497000.0,47460.0,32930.0,27470.0,31880.0
407,430.22258,5.2458,5.1062,5.3495,257700.0,19100.0,18520.0,11160.0,14800.0
410,448.23301,5.3099,5.0779,5.5272,1309000.0,19930.0,100400.0,47150.0,46560.0
411,375.2156,5.3135,5.1118,5.4711,362500.0,599.5,20310.0,97.86,571.9
412,495.29632,5.3142,5.2262,5.468,202500.0,10850.0,9054.0,11060.0,8570.0
413,532.2187,5.3314,5.2645,5.5486,27780000.0,2536000.0,2742000.0,2370000.0,2588000.0
414,533.22179,5.3349,5.2072,5.5343,8325000.0,754300.0,566900.0,704800.0,759200.0
415,504.25935,5.3418,5.2406,5.606,2520000.0,144500.0,135400.0,130600.0,136500.0
416,505.26242,5.3418,5.2498,5.5772,726700.0,43100.0,39320.0,39490.0,37980.0
417,517.30907,5.3489,5.2356,5.5481,199600.0,11390.0,14020.0,8271.0,8276.0
418,466.19928,5.3846,5.25,5.6348,618200.0,45000.0,42940.0,39070.0,40220.0
419,494.23055,5.3988,5.3351,5.5416,431700.0,25810.0,25410.0,23470.0,26260.0
420,352.19661,5.4059,5.3351,5.606,326500.0,16840.0,17970.0,14980.0,16930.0
421,548.24814,5.4131,5.3126,5.6917,616500.0,34860.0,32320.0,33080.0,33770.0
422,440.30076,5.4736,5.0831,5.6774,366600.0,5390.0,77760.0,30340.0,11630.0
424,458.21741,5.4489,5.3076,5.606,439900.0,46130.0,45090.0,40770.0,45060.0
425,430.28398,5.5515,5.357,5.6995,1177000.0,1110.0,1059.0,734.7,88770.0
426,548.21312,5.4559,5.3003,6.009,1338000.0,125900.0,136700.0,121400.0,132400.0
427,462.22537,5.4737,5.3543,5.606,324800.0,95.19,13770.0,112.4,4380.0
428,412.27322,5.5336,5.3426,5.7283,343700.0,2498.0,2981.0,454.9,27160.0
429,396.22302,5.4775,5.4109,5.7066,522700.0,28020.0,27740.0,23140.0,25970.0
431,533.25781,5.4979,5.4208,5.721,5777000.0,362800.0,352900.0,324300.0,351800.0
432,532.25452,5.4979,5.4208,5.721,18600000.0,1176000.0,1120000.0,1056000.0,1129000.0
433,493.25609,5.5013,5.4391,5.8356,2260000.0,82890.0,102400.0,91660.0,73090.0
434,478.26318,5.523,5.3857,5.7785,265400.0,23020.0,1049.0,5373.0,14110.0
435,496.27066,5.4908,5.3857,5.7929,749300.0,55470.0,263.8,12230.0,19780.0
436,514.28413,5.4908,5.3857,5.7785,468700.0,33740.0,118.9,8391.0,16630.0
437,531.30907,5.5086,5.3857,5.6923,402800.0,29770.0,1682.0,8203.0,4917.0
438,428.1647,5.5334,5.4567,5.8068,647200.0,34620.0,35030.0,28000.0,33880.0
439,376.30579,5.5405,5.3351,5.6492,1997000.0,16970.0,144000.0,15350.0,25860.0
440,496.19063,5.5476,5.357,5.739,1350000.0,113900.0,116500.0,99460.0,117400.0
441,422.21742,5.5369,5.4635,5.6099,325800.0,19240.0,12270.0,15830.0,16770.0
442,440.24913,5.5405,5.4424,5.7493,529200.0,28610.0,31400.0,24850.0,28270.0
443,494.19437,5.5441,5.4635,5.7785,4595000.0,382600.0,378900.0,329700.0,370300.0
444,353.23142,5.5441,5.4208,5.642,1209000.0,7765.0,72880.0,7351.0,13980.0
445,497.1943,5.5441,5.4064,5.7427,414000.0,31510.0,32130.0,26140.0,33010.0
446,507.27201,5.5691,5.4921,6.1953,11090000.0,499400.0,451300.0,280200.0,219500.0
448,446.28042,5.5513,5.3714,5.9445,974600.0,160.6,532.9,123.1,68120.0
449,464.28952,5.6768,5.3426,5.93,5337000.0,2746.0,2855.0,2036.0,286700.0
450,529.2536,5.5691,5.5193,5.7497,420600.0,17990.0,16020.0,11010.0,7278.0
451,442.31679,5.5799,5.3921,5.678,725000.0,1975.0,36320.0,2025.0,7022.0
452,479.27702,5.5799,5.5337,5.739,612500.0,25760.0,5432.0,20460.0,9347.0
453,484.27558,5.5978,5.5272,5.8218,497300.0,28250.0,29390.0,23780.0,27330.0
454,522.22577,5.5978,5.5416,5.6636,613100.0,28290.0,26660.0,24280.0,28320.0
455,526.26212,5.7093,5.5811,5.8073,278100.0,237.9,106.4,496.6,11220.0
456,493.29255,5.6411,5.5955,5.8649,1448000.0,63290.0,6608.0,45380.0,15540.0
457,369.22615,5.713,5.5911,5.8643,575600.0,2488.0,27760.0,1826.0,10480.0
458,373.19744,5.6195,5.4208,5.85,434600.0,217.1,22880.0,101.5,541.3
459,528.30205,5.6519,5.5844,5.8398,499600.0,27330.0,26660.0,23510.0,26900.0
460,374.29021,5.6589,5.2785,5.9946,4540000.0,75970.0,260900.0,22500.0,25500.0
462,560.24967,5.6913,5.6199,5.8649,24610000.0,1373000.0,1181000.0,1181000.0,1210000.0
463,572.32777,5.702,5.6055,5.883,290800.0,16590.0,13360.0,14970.0,14030.0
464,428.26784,5.6303,5.4855,5.7637,659300.0,476.0,272.9,166.5,28170.0
465,481.32742,5.6995,5.57,5.8292,320600.0,,,,15810.0
466,398.29029,5.7308,5.3921,5.85,528700.0,28270.0,63570.0,7088.0,12600.0
467,522.18969,5.7272,5.6487,5.9225,6736000.0,476700.0,529700.0,429200.0,482600.0
468,494.23057,5.7452,5.6774,5.8436,395800.0,19330.0,18920.0,16290.0,19130.0
469,786.30952,5.7633,5.6531,5.8649,360200.0,115.5,18220.0,285.5,139.3
470,518.2756,5.7416,5.6487,5.8505,273900.0,25670.0,11730.0,22240.0,22740.0
471,378.3215,5.7668,5.6487,5.9361,2152000.0,7263.0,90590.0,2506.0,1992.0
472,386.17513,5.7668,5.5911,5.9361,499200.0,2461.0,25620.0,691.9,630.0
473,462.27297,5.6914,5.5916,5.93,1022000.0,680.6,693.0,301.0,57930.0
475,576.2449,5.7992,5.7061,6.3261,838400.0,47330.0,46590.0,34940.0,43480.0
476,577.24798,5.7992,5.7061,6.1676,279100.0,14690.0,13320.0,12900.0,13160.0
477,353.23115,5.7957,5.6243,6.0165,853200.0,7921.0,39580.0,5269.0,4148.0
478,376.30603,5.7885,5.6387,6.2817,4268000.0,28530.0,224400.0,8775.0,8452.0
479,377.22996,5.8532,5.6631,6.0235,969600.0,74660.0,112600.0,20180.0,41110.0
480,400.30609,5.8532,5.7637,5.9657,1173000.0,74800.0,112000.0,26530.0,55860.0
481,355.24747,5.8532,5.6199,6.2324,3817000.0,97010.0,241200.0,28910.0,52800.0
482,430.18647,5.8856,5.7822,6.2578,225800.0,8905.0,11690.0,18840.0,9624.0
483,522.22596,5.9,5.7822,6.1676,2907000.0,198900.0,178900.0,169600.0,179300.0
484,546.27007,5.9143,5.7497,6.1389,312200.0,33310.0,22440.0,24820.0,22730.0
485,362.29768,5.8964,5.786,6.224,3227000.0,792.4,154800.0,71.55,364.7
487,375.21428,5.9972,5.7716,6.2672,1766000.0,9389.0,111600.0,1199.0,14850.0
490,396.27481,5.9324,5.7349,6.1532,250100.0,7959.0,34600.0,235.2,2881.0
491,428.27064,6.0405,5.93,6.1676,458500.0,209.0,350.5,390.5,21070.0
492,464.28834,6.0116,5.93,6.2612,295400.0,9361.0,2470.0,1832.0,15280.0
493,481.32798,5.9906,5.93,6.1461,388800.0,,192.2,,17750.0
495,357.26505,6.0333,5.8356,6.2528,209800.0,4623.0,19830.0,928.0,788.5
496,355.248,5.9396,5.8724,6.3261,953800.0,18710.0,44890.0,7930.0,19530.0
497,377.23011,5.9324,5.8687,6.2541,838200.0,43900.0,38250.0,9323.0,17790.0
498,414.29311,6.0116,5.8937,6.2324,319200.0,2238.0,7030.0,496.3,17460.0
499,550.22088,6.0837,5.984,6.2828,2801000.0,181800.0,145400.0,162100.0,161500.0
500,412.28099,6.0621,5.9225,6.4199,4365000.0,447.6,35190.0,1019.0,189600.0
501,466.31685,6.099,6.0309,6.3767,3315000.0,,24240.0,743.1,134300.0
502,400.30614,6.1233,5.9649,6.3395,825800.0,38080.0,75330.0,17190.0,7580.0
503,430.29402,6.0981,6.0225,6.4056,1915000.0,159.5,14440.0,419.2,99680.0
504,448.29889,6.0873,5.9513,6.3045,1192000.0,2620.0,8711.0,570.4,71130.0
505,780.34653,6.1053,6.0235,6.2828,722600.0,31160.0,402.7,781.7,12010.0
506,398.29051,5.9576,5.85,6.0706,4208000.0,22990.0,209200.0,4654.0,35580.0
507,422.18115,6.1162,5.8974,6.6853,1216000.0,166200.0,141100.0,152600.0,137200.0
508,427.13671,6.1162,6.0165,6.6612,1112000.0,164300.0,139600.0,148200.0,132700.0
509,450.21262,6.1162,5.9118,6.4199,1272000.0,143700.0,122800.0,146600.0,143600.0
510,768.28678,6.0946,5.9263,6.319,478400.0,69620.0,45430.0,77200.0,89200.0
511,462.26751,6.1377,5.9876,6.6324,3282000.0,177700.0,11900.0,315400.0,34310.0
512,480.27826,6.1413,6.0668,6.4883,1201000.0,57930.0,4130.0,111800.0,13420.0
513,533.32576,6.1377,6.0417,6.4269,1554000.0,75840.0,4064.0,138900.0,11190.0
514,498.28876,6.1413,5.9732,6.4307,731200.0,33010.0,2030.0,61400.0,10600.0
515,516.30039,6.1413,6.0379,6.3334,593600.0,31950.0,4166.0,52330.0,10100.0
516,538.27661,6.1665,6.0235,6.4019,717900.0,35530.0,3213.0,64330.0,6707.0
517,424.30593,6.1665,5.8356,6.3298,880900.0,15550.0,84390.0,19440.0,38270.0
518,764.35147,6.1125,6.002,6.4125,651200.0,47290.0,147.8,2795.0,4906.0
519,379.24797,6.1701,6.0417,6.3117,942900.0,29050.0,59820.0,13610.0,22950.0
522,770.3469,6.2636,6.1821,6.3623,176800.0,5972.0,118.1,4058.0,7237.0
523,381.26569,6.3105,6.2096,6.498,173600.0,6072.0,18810.0,524.7,6621.0
524,462.23364,6.3105,6.157,6.6324,179900.0,12510.0,13260.0,12460.0,12590.0
525,430.28782,6.3862,6.1605,6.6134,1030000.0,85.04,45410.0,414.6,20480.0
526,448.29841,6.3286,6.1605,6.5125,1183000.0,690.3,55230.0,312.8,21780.0
527,465.33709,6.3426,6.2541,6.5269,707500.0,258.9,32340.0,,1241.0
528,470.29131,6.3101,6.1748,6.5125,295400.0,,13650.0,52.52,2582.0
529,480.2787,6.3574,6.2757,6.7152,625700.0,64430.0,19690.0,912.4,1635.0
530,498.28887,6.3106,6.1605,6.5135,298800.0,27160.0,8082.0,237.8,4387.0
531,515.31543,6.2993,6.1892,6.6145,501100.0,48990.0,15890.0,,147.3
533,356.27959,6.3069,6.037,6.4199,541100.0,3293.0,36210.0,5063.0,5887.0
534,424.30596,6.3538,6.2324,6.5316,400500.0,4702.0,29780.0,4341.0,6381.0
535,504.18708,6.4403,6.2578,6.8483,175700.0,15890.0,16710.0,19990.0,14360.0
536,390.33162,6.4086,6.301,6.6134,466300.0,163.2,26020.0,44.4,
537,589.96921,6.4552,6.3683,6.599,404300.0,86.95,19420.0,,
538,782.3069,6.4728,6.4019,6.5846,370800.0,1699.0,16420.0,1598.0,427.2
539,450.21239,6.498,6.3874,6.6865,274300.0,30890.0,13250.0,27750.0,26680.0
540,380.27966,6.5557,6.2384,6.6754,618300.0,10170.0,44890.0,521.4,2769.0
541,449.38515,6.4944,6.4489,6.5892,341000.0,8652.0,9354.0,7814.0,9254.0
542,583.25568,6.5052,6.4403,6.6422,266000.0,1616.0,12030.0,800.7,1727.0
543,396.27506,6.4944,6.3837,6.6865,449300.0,23610.0,3130.0,4831.0,5417.0
544,358.29515,6.5882,6.1521,7.0315,692400.0,10850.0,129800.0,8521.0,7623.0
545,750.33651,6.5377,6.3767,6.766,253600.0,12480.0,149.0,1569.0,27850.0
546,616.17696,6.5629,6.4836,6.9016,277500.0,7331.0,33930.0,13540.0,13150.0
547,764.3517,6.5846,6.4557,6.838,1844000.0,32990.0,597.0,5328.0,94890.0
548,414.28503,6.6062,6.521,6.8017,191900.0,10190.0,9973.0,9603.0,10240.0
549,391.20875,6.6062,6.5066,6.7729,183400.0,9848.0,9748.0,8837.0,9864.0
550,377.22992,6.6242,6.4115,6.8295,423000.0,1816.0,42860.0,7695.0,21320.0
551,400.30583,6.6314,6.4883,6.8093,551700.0,4296.0,36400.0,10200.0,15970.0
552,424.30582,6.5917,6.4413,7.0026,544300.0,2581.0,64310.0,10700.0,44080.0
553,431.1337,6.6422,6.5498,7.2084,547700.0,31690.0,45570.0,41940.0,43170.0
554,382.29529,6.599,6.4413,6.845,867000.0,60700.0,4761.0,1920.0,2887.0
555,617.99955,6.661,6.5413,7.2452,14900000.0,,749400.0,357.8,1338.0
556,404.20666,6.6709,6.5354,6.8882,1356000.0,47960.0,8192.0,53440.0,68570.0
557,409.16208,6.6709,6.5568,6.8813,1300000.0,52920.0,8274.0,55780.0,68910.0
558,387.18014,6.6709,6.5027,6.8813,3848000.0,148700.0,25470.0,159800.0,204000.0
559,432.23822,6.6709,6.5172,7.09,14140000.0,566700.0,96590.0,597000.0,750200.0
560,418.2221,6.6745,6.5748,6.8593,668600.0,27090.0,3992.0,26060.0,33860.0
561,380.2794,6.7465,6.5932,6.9882,687000.0,20230.0,65420.0,2546.0,16790.0
562,702.28047,6.7033,6.6422,6.8295,2052000.0,1723.0,87690.0,5676.0,1641.0
563,415.13861,6.7357,6.5712,7.0323,420200.0,40300.0,39470.0,35510.0,37080.0
564,455.13135,6.7465,6.6036,7.2189,6112000.0,785500.0,717300.0,705400.0,682500.0
565,450.176,6.7465,6.5557,7.3154,5984000.0,848500.0,849400.0,780900.0,814200.0
566,716.25557,6.8098,6.6709,7.017,703200.0,,42060.0,92.36,77.23
567,478.20734,6.7609,6.5354,7.0611,3171000.0,350800.0,403900.0,351500.0,372900.0
568,816.32236,6.7717,6.618,7.0034,357900.0,38500.0,37090.0,34620.0,36890.0
569,770.34555,6.8186,6.6898,6.9594,318300.0,2637.0,140.1,16810.0,7523.0
570,355.25428,6.7573,6.6221,6.9059,330500.0,848.3,5607.0,14370.0,7024.0
571,370.25871,6.8222,6.7372,7.0399,759600.0,653.6,11280.0,529.1,38930.0
574,646.03091,6.9288,6.8151,7.2319,2985000.0,60.88,180800.0,,352.9
575,460.27069,6.9195,6.8728,6.9966,1440000.0,71590.0,41930.0,28670.0,31630.0
576,415.21157,6.9231,6.8237,7.0789,718600.0,37390.0,19720.0,15760.0,14110.0
577,432.23814,6.9303,6.8525,7.1366,230000.0,13470.0,3284.0,13580.0,19290.0
578,734.33915,6.9339,6.8006,7.1698,1028000.0,6705.0,107.0,3268.0,45630.0
579,376.25951,7.006,6.9161,7.4556,3415000.0,105200.0,116500.0,160100.0,135700.0
580,393.28591,7.006,6.9305,7.2361,988600.0,29140.0,30870.0,44880.0,36550.0
581,421.31735,7.006,6.9245,7.2361,1706000.0,48380.0,53860.0,74450.0,60720.0
582,414.29462,6.9844,6.8237,7.2319,1999000.0,755.4,96890.0,430.7,12250.0
583,432.31062,7.0457,6.9347,7.2319,644700.0,2449.0,33090.0,12890.0,9159.0
584,450.31994,6.9699,6.838,7.0892,1285000.0,257.4,53310.0,258.2,3342.0
585,748.35686,7.0384,6.9603,7.8017,10250000.0,366400.0,12440.0,139000.0,466400.0
586,770.33872,7.0384,6.9823,7.213,651500.0,21220.0,274.4,7200.0,27200.0
587,408.31097,7.0673,6.8957,7.1987,259700.0,4492.0,1444.0,6464.0,16060.0
588,359.21866,7.2138,6.8593,7.2971,322800.0,27680.0,6514.0,2575.0,11420.0
589,358.29507,7.125,6.989,7.2499,690800.0,21180.0,48640.0,19360.0,43360.0
590,478.20722,7.1286,6.9966,7.7615,2318000.0,189000.0,152000.0,174900.0,140800.0
591,483.16264,7.1286,7.0357,7.2547,429900.0,26340.0,16630.0,22950.0,19460.0
592,380.27953,7.1466,6.9882,7.246,333700.0,8437.0,28020.0,312.0,14860.0
593,464.28162,7.1855,7.0611,7.3583,992600.0,123200.0,29920.0,2720.0,2581.0
594,700.26758,7.1126,6.4692,7.2865,592900.0,,60970.0,335.1,72.63
595,387.19286,7.1754,7.0933,7.7327,2597000.0,164400.0,147300.0,157300.0,160100.0
597,453.16693,7.2422,7.1332,7.7442,1459000.0,94470.0,72300.0,59110.0,50530.0
598,476.26369,7.2386,7.151,7.573,997300.0,59730.0,61930.0,38970.0,33620.0
599,488.29902,7.2455,7.05,7.4208,856700.0,49560.0,51280.0,33510.0,29760.0
600,415.21124,7.2455,7.0611,8.2661,47760000.0,2969000.0,2606000.0,1900000.0,1650000.0
601,432.23783,7.2455,7.09,7.7174,13850000.0,706300.0,623500.0,423000.0,381700.0
602,437.19318,7.2455,7.1044,7.7236,13680000.0,885600.0,706700.0,578500.0,454400.0
603,460.26907,7.2455,7.09,7.7751,80480000.0,5403000.0,5021000.0,3516000.0,3215000.0
604,446.25315,7.2455,7.1698,7.4303,4167000.0,264800.0,231200.0,169500.0,150800.0
605,502.2793,7.2455,7.1266,7.4496,1174000.0,65770.0,63810.0,45580.0,39660.0
606,374.36238,7.2523,7.1468,7.47,764000.0,31660.0,17170.0,42360.0,43580.0
608,686.28458,7.273,7.1901,7.4865,1799000.0,3840.0,81060.0,7751.0,4513.0
609,478.17062,7.3442,7.151,8.4826,16030000.0,2141000.0,1750000.0,1773000.0,1977000.0
610,483.12596,7.3442,7.2361,7.7184,10960000.0,1226000.0,1071000.0,1215000.0,1136000.0
611,499.0996,7.3442,7.2361,7.5794,1327000.0,135100.0,96590.0,136700.0,101600.0
612,506.20188,7.3514,7.1654,7.6226,3635000.0,358800.0,371600.0,391700.0,400100.0
613,698.30129,7.3585,7.2223,7.7955,823500.0,137500.0,100700.0,151600.0,124400.0
614,654.27508,7.3621,7.2223,7.7955,1026000.0,172000.0,158800.0,182400.0,153600.0
615,697.25305,7.3764,7.2865,7.6741,9022000.0,18550.0,437600.0,21350.0,9576.0
616,719.23445,7.3764,7.3009,7.5875,1843000.0,4253.0,91320.0,4132.0,2406.0
617,742.32307,7.3548,7.2827,7.5599,2071000.0,55220.0,69370.0,49440.0,50500.0
619,714.27886,7.38,7.2865,7.7184,30490000.0,78650.0,1524000.0,86540.0,48970.0
620,356.35182,7.3835,7.2688,7.7184,932700.0,72160.0,19640.0,95770.0,100300.0
621,754.3475,7.4259,7.3206,7.5939,1172000.0,32400.0,,48010.0,60260.0
622,464.2826,7.4195,7.2827,7.8624,2062000.0,265000.0,25970.0,119.0,213.7
623,500.30166,7.3515,7.2499,7.848,877300.0,113900.0,10920.0,166.9,165.0
625,683.27444,7.5168,7.4267,7.6895,2554000.0,39360.0,834.8,118800.0,67090.0
626,700.30241,7.4739,7.3295,7.8624,7797000.0,131600.0,7100.0,374900.0,215200.0
627,728.33359,7.5601,7.4352,7.7174,1515000.0,18780.0,3232.0,60260.0,32370.0
629,460.26995,7.5024,7.3871,7.7442,2366000.0,142500.0,100300.0,91920.0,95210.0
632,437.16985,7.6249,7.4845,7.7751,477100.0,27100.0,16710.0,23970.0,23300.0
633,361.23455,7.5637,7.3062,8.03,2315000.0,34250.0,44530.0,56250.0,154500.0
634,669.29714,7.6465,7.5586,7.8161,687200.0,5896.0,70.36,9741.0,34220.0
635,686.32157,7.671,7.5711,7.9316,1825000.0,14880.0,,25280.0,88700.0
636,714.35581,7.6646,7.5855,7.845,1142000.0,7410.0,65.95,14190.0,52020.0
637,726.33292,7.6898,7.573,8.0118,678900.0,55230.0,54890.0,62680.0,44930.0
638,682.30669,7.7042,7.5567,8.1507,807500.0,86050.0,80900.0,69660.0,69790.0
639,506.20216,7.7079,7.5875,8.2223,4844000.0,454600.0,529300.0,503400.0,519600.0
640,511.15737,7.7079,7.6371,8.2373,1018000.0,105200.0,71270.0,105900.0,76040.0
641,415.18801,7.5816,7.4845,7.6803,1957000.0,103600.0,89890.0,100600.0,94710.0
642,460.24574,7.578,7.4845,7.6864,2495000.0,136300.0,121000.0,135100.0,130500.0
643,385.23478,7.7186,7.5711,7.9255,1724000.0,12520.0,21160.0,110500.0,86370.0
644,425.19408,7.7618,7.6741,7.9774,984100.0,20450.0,49520.0,24860.0,19660.0
645,358.36767,7.7726,7.6452,8.4537,20890000.0,391700.0,146900.0,735400.0,1264000.0
646,402.39387,7.7979,7.6947,7.949,473000.0,15770.0,4654.0,24850.0,25820.0
647,374.36255,7.834,7.7318,8.1005,1089000.0,33450.0,13360.0,30910.0,66710.0
648,714.23883,7.8628,7.7606,8.5835,3028000.0,511600.0,535700.0,513500.0,455400.0
649,742.26996,7.8628,7.7379,8.2297,1319000.0,138800.0,177600.0,149700.0,196500.0
650,752.33188,7.8632,7.7667,8.0262,1028000.0,5489.0,,49260.0,26430.0
651,719.19403,7.87,7.7811,8.1363,1501000.0,213300.0,155100.0,210800.0,192500.0
652,386.3625,7.9026,7.7728,8.2517,498900.0,37590.0,33890.0,33440.0,34570.0
653,698.29719,7.8593,7.7092,8.0207,703500.0,28730.0,10300.0,16570.0,17590.0
654,570.25626,8.0393,7.8883,8.3163,1221000.0,6972.0,3445.0,31100.0,123400.0
656,385.27341,7.9782,7.8473,8.3883,7787000.0,40110.0,16130.0,167200.0,448700.0
657,478.29248,8.0103,7.9028,8.1075,3470000.0,43520.0,25970.0,94200.0,182800.0
658,502.29244,8.0498,7.9028,8.3234,16930000.0,187200.0,55460.0,227500.0,861800.0
659,580.27477,8.0139,7.8913,8.6175,1370000.0,315400.0,284400.0,321300.0,296700.0
660,361.27311,8.0139,7.8624,8.4462,2789000.0,32390.0,8362.0,38740.0,159600.0
661,524.27446,8.0139,7.8677,8.0931,2529000.0,30980.0,7748.0,37070.0,127000.0
663,443.18258,8.0533,7.9635,8.6267,5257000.0,398000.0,373400.0,333700.0,391900.0
664,465.16438,8.0533,7.9688,8.4681,3224000.0,175700.0,159500.0,169800.0,120800.0
665,488.24113,8.0533,7.9545,8.5741,8694000.0,559100.0,689600.0,699700.0,607000.0
666,460.20901,8.0569,7.9316,8.5835,1234000.0,94300.0,85660.0,81130.0,73290.0
667,387.11982,8.0569,7.9485,8.6267,1296000.0,95770.0,78900.0,80520.0,80240.0
668,548.27437,8.0393,7.8739,8.4462,5607000.0,29600.0,12150.0,131000.0,558900.0
669,526.29277,8.0717,7.8161,8.7038,39270000.0,246900.0,113600.0,1039000.0,2159000.0
674,590.32102,8.2184,8.1267,8.3163,596100.0,6349.0,821.8,32640.0,36550.0
675,387.2883,8.2039,8.0495,8.3163,692100.0,11150.0,1401.0,3777.0,39770.0
678,520.33959,8.3194,8.1987,8.4606,3967000.0,126400.0,180300.0,283200.0,285700.0
679,437.37349,8.3302,8.242,8.5741,2378000.0,9291.0,22190.0,109700.0,23310.0
680,459.35519,8.3302,8.2512,8.5452,1686000.0,7935.0,15040.0,81470.0,15620.0
681,528.30351,8.1535,8.0207,8.2805,3461000.0,48850.0,6327.0,53500.0,191300.0
682,594.1601,8.341,8.2152,8.5183,806700.0,19560.0,5097.0,32860.0,42290.0
683,546.35072,8.3447,8.1363,8.6556,925300.0,190000.0,19820.0,62620.0,18150.0
684,608.30609,8.3591,8.2078,8.6175,953400.0,137800.0,150100.0,144900.0,145800.0
685,568.3397,8.2148,8.1005,8.3163,5734000.0,67000.0,14060.0,310400.0,344100.0
686,524.37094,8.3771,7.9635,9.3058,7610000.0,1783000.0,230700.0,634100.0,405500.0
687,544.33962,8.2689,8.122,8.3883,4942000.0,151100.0,41480.0,152700.0,342200.0
688,616.46279,8.4674,8.2585,8.7484,587700.0,58230.0,82330.0,85450.0,103200.0
689,520.33948,8.5504,8.4535,8.8052,1742000.0,89960.0,111100.0,159200.0,114900.0
690,454.29238,8.5756,8.4297,8.8911,2825000.0,92780.0,50070.0,182200.0,26150.0
691,383.20351,8.59,8.4875,9.1024,1033000.0,81560.0,87440.0,82940.0,95530.0
692,712.34027,8.6079,8.4679,8.8335,1408000.0,25900.0,112.8,69600.0,58780.0
693,689.26115,8.6476,8.4894,8.8335,1382000.0,26900.0,687.6,70050.0,60900.0
694,762.27524,8.6512,8.4585,9.1944,774200.0,80030.0,167200.0,123900.0,129000.0
695,667.27876,8.6476,8.5039,8.9771,4769000.0,92840.0,1760.0,238700.0,200500.0
696,684.3057,8.6476,8.4393,9.0633,12050000.0,242900.0,5641.0,611500.0,525300.0
698,675.28151,8.8222,8.7197,9.0315,2400000.0,38980.0,,43800.0,137300.0
699,653.29969,8.8222,8.7053,9.1161,8322000.0,146000.0,,161500.0,455800.0
700,670.32148,8.7949,8.6842,9.0883,15070000.0,251300.0,546.6,282600.0,810600.0
701,698.35755,8.8222,8.7053,9.059,13920000.0,208400.0,,251700.0,769000.0
702,786.20193,8.9307,8.7905,9.1024,2203000.0,46940.0,13010.0,76480.0,122400.0
704,678.47796,9.0201,8.8418,9.6006,1240000.0,32390.0,43490.0,41210.0,144800.0
705,634.4519,9.0308,8.8428,9.2261,1193000.0,40860.0,37620.0,43360.0,124100.0
706,668.31039,9.1082,8.8052,9.3507,3860000.0,86700.0,,136400.0,207000.0
707,696.34158,9.1082,8.7327,9.3507,5357000.0,111900.0,,193300.0,309800.0
708,350.2659,9.1583,9.0128,9.5119,1696000.0,298200.0,207800.0,166400.0,195500.0
710,892.61873,9.2183,9.0031,9.5119,2909000.0,440800.0,394500.0,366300.0,384400.0
711,776.57179,9.202,9.0346,9.8338,7175000.0,1557000.0,1244000.0,1191000.0,1261000.0
712,820.59787,9.202,8.9915,9.8196,3549000.0,816700.0,669900.0,620700.0,805300.0
713,688.51976,9.2218,9.0633,9.8338,18510000.0,3824000.0,4061000.0,2860000.0,3073000.0
714,732.54577,9.2218,9.059,9.8338,12000000.0,2588000.0,2100000.0,1930000.0,2101000.0
715,644.49361,9.2286,9.0742,9.8391,24060000.0,5054000.0,5419000.0,4892000.0,4088000.0
716,758.56844,9.2716,8.2709,9.6761,23810000.0,108600.0,210000.0,3365000.0,7999000.0
717,600.46753,9.2416,9.0877,9.8391,28310000.0,5977000.0,6372000.0,5733000.0,4801000.0
718,556.44146,9.245,9.0917,9.8312,28720000.0,6024000.0,6494000.0,5816000.0,5645000.0
719,848.59271,9.2484,9.0877,9.8255,4492000.0,645300.0,653400.0,766300.0,628000.0
720,512.41534,9.2551,9.0982,9.8312,22930000.0,4855000.0,5224000.0,4645000.0,5213000.0
721,806.57002,9.2784,8.3667,10.0623,9261000.0,179100.0,10470000.0,155900.0,235100.0
722,810.59852,9.3117,8.5402,9.7085,2618000.0,1413000.0,274400.0,759500.0,100400.0
723,424.36255,9.2517,9.0982,9.8208,4265000.0,945900.0,875900.0,811300.0,1035000.0
724,468.38903,9.2551,9.1019,9.8846,11280000.0,2451000.0,2688000.0,2329000.0,2630000.0
725,804.567,9.2619,9.1019,9.8391,5960000.0,1047000.0,595100.0,1009000.0,785500.0
726,760.54074,9.2716,9.0742,9.7379,7274000.0,1044000.0,1352000.0,947500.0,974700.0
727,496.33943,9.3253,9.1019,9.9728,3421000.0,326900.0,161700.0,630500.0,170600.0
728,716.51478,9.2983,9.1341,10.1151,8778000.0,1319000.0,2025000.0,1097000.0,1243000.0
729,672.48858,9.3118,9.1679,9.9981,10020000.0,1456000.0,2113000.0,1181000.0,1369000.0
730,628.46238,9.3286,9.1852,9.9463,10820000.0,1882000.0,1627000.0,1827000.0,1718000.0
731,584.43642,9.3589,9.2081,10.1817,11070000.0,1854000.0,2444000.0,1375000.0,2047000.0
732,540.41028,9.3793,9.2261,9.8208,9366000.0,1666000.0,1515000.0,1301000.0,1841000.0
733,496.38379,9.4,9.2471,9.8208,8204000.0,1291000.0,1184000.0,1153000.0,1455000.0
734,452.35755,9.4274,9.2776,9.9141,4522000.0,729200.0,658500.0,557100.0,880900.0
735,834.6139,9.5545,9.3853,10.2088,6634000.0,990400.0,1494000.0,935900.0,1257000.0
736,790.58753,9.5869,9.3922,10.2348,12790000.0,1934000.0,3078000.0,1926000.0,2429000.0
737,575.41227,9.6322,9.3941,9.9838,3143000.0,749800.0,136800.0,130100.0,258800.0
738,746.56158,9.5903,9.1856,10.7879,21430000.0,3556000.0,6222000.0,3222000.0,5878000.0
739,702.53547,9.6033,9.4213,10.4201,31550000.0,4898000.0,7642000.0,4861000.0,8329000.0
740,764.51967,9.6742,8.8428,9.808,4445000.0,1713000.0,909.5,161200.0,16350.0
741,658.50939,9.6162,9.4283,10.825,43230000.0,6585000.0,10430000.0,7304000.0,12560000.0
742,614.48336,9.651,9.434,10.983,51760000.0,7854000.0,16020000.0,7936000.0,12210000.0
743,526.43113,9.6448,9.434,10.8576,48590000.0,7272000.0,14890000.0,7281000.0,13780000.0
744,570.45723,9.651,9.434,10.983,55510000.0,8323000.0,17240000.0,9464000.0,13110000.0
745,394.35224,9.6511,9.2929,10.2481,4884000.0,666500.0,1200000.0,777300.0,835800.0
746,571.46046,9.6289,9.4283,9.8529,17830000.0,2733000.0,3318000.0,1859000.0,3308000.0
747,482.40478,9.6576,9.4351,10.997,29210000.0,4043000.0,8964000.0,5569000.0,7983000.0
748,438.37846,9.6576,9.4491,10.7318,11010000.0,1472000.0,3252000.0,1618000.0,2667000.0
749,443.33369,9.6576,9.3922,9.9838,4179000.0,862000.0,592600.0,542600.0,541300.0
750,487.36003,9.7373,9.6305,10.4201,5452000.0,298600.0,54340.0,465100.0,491800.0
751,637.30476,9.6804,9.5447,10.0641,27600000.0,626800.0,769200.0,866800.0,2105000.0
752,682.36253,9.6804,9.4122,10.0641,40960000.0,931800.0,1289000.0,1259000.0,3161000.0
753,654.33133,9.6804,9.571,10.0778,12430000.0,294600.0,312900.0,399600.0,941100.0
754,659.28626,9.6833,9.5622,10.0955,5501000.0,134700.0,172800.0,129600.0,536700.0
755,780.55152,9.7842,9.2244,10.0689,8815000.0,175700.0,90030.0,289900.0,3812000.0
756,782.56773,9.8039,8.475,10.0424,16770000.0,150400.0,4093000.0,52060.0,5100000.0
757,784.58068,9.8109,8.7197,10.082,3826000.0,21570.0,546000.0,93070.0,2820000.0
758,758.56869,9.8143,8.5328,10.0556,31700000.0,85410.0,177400.0,646000.0,27230000.0
759,804.55953,9.7098,9.4767,9.9463,5077000.0,126200.0,1147000.0,187000.0,175800.0
760,531.38647,9.7783,9.6347,10.0556,6451000.0,249300.0,179500.0,550500.0,357500.0
761,619.4388,9.7783,9.6347,10.1186,5301000.0,282700.0,138400.0,457700.0,229300.0
763,575.41259,9.7783,9.6347,10.1357,6436000.0,266000.0,213800.0,512700.0,354200.0
764,406.32879,9.8244,9.4538,10.0689,10880000.0,540800.0,1768000.0,837900.0,2650000.0
765,663.45989,9.7783,9.6347,10.0242,3834000.0,180200.0,107700.0,317400.0,244800.0
766,716.55127,9.9248,9.4954,11.1491,17380000.0,3297000.0,5085000.0,3266000.0,4616000.0
767,804.60336,9.9379,9.4538,10.6012,6372000.0,1026000.0,1193000.0,1202000.0,1605000.0
768,760.57759,9.9354,9.7297,10.7879,13130000.0,2068000.0,3440000.0,2482000.0,2916000.0
769,628.49918,9.9509,9.4538,11.1043,30050000.0,6160000.0,8685000.0,6950000.0,8786000.0
770,672.52523,9.9645,9.4901,11.0041,23620000.0,4941000.0,6806000.0,5397000.0,6096000.0
771,584.47301,9.9709,9.4954,11.0911,34570000.0,7321000.0,9269000.0,7278000.0,9762000.0
772,540.44685,9.9709,9.5579,11.0205,33180000.0,6943000.0,9411000.0,6133000.0,9087000.0
773,556.44168,9.9218,9.7776,10.1752,4373000.0,588100.0,1459000.0,626400.0,1331000.0
774,570.45739,9.8306,9.7776,10.203,15820000.0,1788000.0,4044000.0,1666000.0,3687000.0
775,614.48357,9.8306,9.7776,10.6085,14510000.0,1618000.0,3689000.0,3215000.0,3456000.0
776,658.50962,9.8306,9.7776,10.6085,11110000.0,1298000.0,2958000.0,2593000.0,2784000.0
777,702.53573,9.8306,9.7776,10.203,8063000.0,928100.0,2145000.0,887500.0,817600.0
778,496.42058,9.9842,9.7779,11.1167,21820000.0,4697000.0,5742000.0,4810000.0,5969000.0
779,452.39424,9.9842,9.8042,11.0205,8569000.0,1844000.0,2319000.0,1740000.0,2360000.0
780,784.58078,10.1903,9.9981,10.3835,4505000.0,24810.0,616100.0,118800.0,580200.0
781,832.58202,10.1937,9.9596,10.3414,4002000.0,180800.0,422200.0,566600.0,68390.0
782,810.59923,10.1972,9.9973,10.3826,5728000.0,408000.0,362900.0,1039000.0,128600.0
783,782.56741,10.1937,9.9973,10.3926,33330000.0,232300.0,4879000.0,61690.0,1249000.0
784,806.56822,10.1972,9.9985,10.6062,13260000.0,45370.0,2842000.0,92790.0,531900.0
785,808.58292,10.1972,10.0424,10.3926,7715000.0,46370.0,1079000.0,51570.0,506800.0
786,828.55094,10.1937,10.0623,10.4527,9222000.0,18110.0,1158000.0,12680.0,95450.0
787,758.56887,10.1937,9.9973,10.4201,32870000.0,72780.0,224500.0,510800.0,6109000.0
788,804.55878,10.1248,9.9224,10.4527,24500000.0,56350.0,3613000.0,92060.0,477600.0
789,780.55188,10.1972,10.011,10.4201,25950000.0,192900.0,202600.0,392100.0,3302000.0
790,406.32914,10.2888,9.9463,10.8994,115000000.0,7259000.0,20790000.0,7151000.0,13930000.0
791,789.66883,10.2856,10.1283,10.8576,5189000.0,203200.0,468100.0,194400.0,443400.0
792,429.40497,10.2856,9.367,10.6898,9836000.0,519700.0,1901000.0,524800.0,1469000.0
793,384.34701,10.2957,9.4258,10.9513,29310000.0,2439000.0,4863000.0,2586000.0,4861000.0
796,780.55224,10.543,10.3685,10.825,6519000.0,172300.0,71400.0,199100.0,1780000.0
797,784.5813,10.55,10.3234,10.7548,2909000.0,15930.0,685100.0,95660.0,775200.0
798,810.59979,10.5535,10.3554,10.7501,4475000.0,321700.0,307900.0,872300.0,133900.0
799,758.56923,10.5118,10.3685,10.7548,22100000.0,82580.0,202000.0,620100.0,4760000.0
800,434.36046,11.0632,10.6789,12.0173,4492000.0,260200.0,572300.0,276600.0,565400.0
801,782.56777,11.077,10.3559,11.3452,42220000.0,246000.0,17850000.0,95570.0,1049000.0
802,872.54201,11.0806,10.3834,11.3452,3098000.0,2571.0,886200.0,1087.0,47510.0
804,406.32911,11.0769,10.8529,11.4429,9664000.0,1607000.0,2747000.0,1633000.0,3629000.0
805,828.55162,11.084,10.8576,11.3452,6627000.0,29240.0,1039000.0,24260.0,111900.0
806,780.55218,11.0839,10.7495,11.525,27340000.0,208000.0,217100.0,524600.0,4614000.0
807,784.58095,11.084,10.8391,11.2471,5560000.0,31880.0,1123000.0,95590.0,691100.0
808,804.55781,11.1158,10.4527,11.3452,39480000.0,120800.0,8196000.0,101900.0,672300.0
809,810.59953,11.0734,10.6365,11.2613,5941000.0,343400.0,429000.0,1697000.0,165800.0
810,832.58252,11.0734,10.7495,11.4145,5662000.0,227400.0,454700.0,1055000.0,108200.0
811,808.58338,11.0805,10.7879,11.3452,7449000.0,64100.0,1940000.0,62410.0,541000.0
812,806.56814,11.0769,10.8529,11.3426,9387000.0,79090.0,1766000.0,126400.0,757100.0
813,758.56954,11.0839,10.8857,11.2751,25910000.0,78660.0,243200.0,331100.0,3400000.0
814,719.19468,11.0839,10.7879,11.432,2843000.0,388500.0,689900.0,330800.0,671600.0
815,610.18426,11.5772,9.4122,12.0173,2684000.0,2081000.0,3794000.0,553000.0,3747000.0
816,607.38254,11.6055,11.3426,11.7917,2783000.0,70120.0,40290.0,162600.0,307400.0
