row ID,row m/z,row retention time,row ion mobility,row ion mobility unit,row CCS,correlation group ID,annotation network number,best ion,auto MS2 verify,identified by n=,partners,neutral M mass,CPD-D-60m.mzML Peak area,CPD-H-60m.mzML Peak area,CPD-M-60m.mzML Peak area,CPD-R-60m.mzML Peak area,
112,630.8734618825521,3.058237,,,,,,,,,,,1128.1383,2862.0476,25.69194,26.46682,
113,585.3756823122121,3.0799303,,,,,,,,,,,12037.554,4915.8,566.6239,8281.925,
114,541.3496523468507,3.1306815,,,,,,,,,,,2059.3252,5567.2563,197.17505,811.1495,
115,760.8809148339774,3.1806738,,,,,,,,,,,604.958,5788.031,46.294067,26.89116,
116,487.3063840762719,3.2170863,,,,,,,,,,,385.8659,2777.0664,0,0,
117,608.8249401153928,3.3785825,,,,,,,,,,,3780.9336,358.0653,31.075138,84.30633,
118,786.1657056233383,3.3666275,,,,,,,,,,,53617.24,35870.188,19351.49,9162.973,
119,373.26462025734827,3.3707259,,,,,,,,,,,5089.7783,3859.8557,5140.175,4324.207,
121,372.2598691798085,3.3707259,,,,,,,,,,,28090.545,25714.982,32289.133,27875.258,
122,875.5505322569178,3.3378372,,,,,,,,,,,6639.9937,1623.12,0,70.74459,
123,395.21093439931764,3.5138464,,,,,,,,,,,86.414894,2735.8252,46.397423,45.118492,
124,358.2077943148149,3.418588,,,,,,,,,,,30863.49,29557.654,36333.812,33678.535,
125,386.2390075751131,3.4208608,,,,,,,,,,,27459.33,27343.729,31095.111,28787.607,
126,356.2283942612844,3.4208608,,,,,,,,,,,3870.9587,3504.414,4490.5806,3842.428,
127,500.313786846325,3.4537678,,,,,,,,,,,3710.0725,123.67887,41.89679,0,
128,457.11257770976874,3.4337702,,,,,,,,,,,8676.264,11861.325,2965.9287,1997.2279,
130,372.1870399912821,3.4659004,,,,,,,,,,,8332.731,9809.664,9285.365,8865.447,
131,377.14596034339235,3.576014,,,,,,,,,,,13749.274,24166.2,10930.885,15547.583,
132,370.20785515547357,3.4726353,,,,,,,,,,,7638.4834,7569.533,8318.887,8017.3164,
133,471.35495804272875,3.4952404,,,,,,,,,,,2894.7285,2698.7065,3031.8025,2963.9243,
134,640.8334110619187,3.4102216,,,,,,,,,,,4970.4478,174.23885,0,0,
135,393.2099236276997,3.5277708,,,,,,,,,,,4777.636,3860.112,5954.729,4723.6055,
136,371.22815519871335,3.5277708,,,,,,,,,,,17336.672,15971.129,19273.037,17155.322,
137,388.2548483313229,3.5277708,,,,,,,,,,,174672.08,146008.03,189022.97,177763.12,
138,416.28605747252425,3.5277708,,,,,,,,,,,32409.502,24638.676,32336.54,30587.209,
139,520.8041490014614,3.5519664,,,,,,,,,,,686.07324,7979.449,0,0,
140,385.2074724507269,3.576014,,,,,,,,,,,3860.5796,4039.4807,4950.2456,3920.7603,
141,447.28599579070726,3.5760427,,,,,,,,,,,12804.326,5888.8145,15439.928,15156.146,
143,402.2343159087693,3.576014,,,,,,,,,,,40386.266,40116.895,45801.145,44503.78,
144,430.2649890864767,3.576014,,,,,,,,,,,26696.295,20764.799,30340.453,26728.488,
146,400.2546571958282,3.5864208,,,,,,,,,,,4734.5786,3731.1108,4710.385,4223.106,
147,416.2133339849162,3.6274276,,,,,,,,,,,7631.261,10120.579,9827.722,9601.277,
149,506.7745718232791,3.6259942,,,,,,,,,,,4465.969,29.481544,0,0,
150,414.2339379249973,3.642727,,,,,,,,,,,8915.613,9098.004,10497.682,10694.7705,
151,356.2284426454023,3.6463192,,,,,,,,,,,176250.62,151595.47,192535.94,199910.62,
152,605.3650152718176,3.6494243,,,,,,,,,,,4230.2725,280.67316,0,0,
153,415.25436304414325,3.6621275,,,,,,,,,,,43083.38,36325.273,47292.227,45267.375,
154,432.28121355077485,3.6621275,,,,,,,,,,,213554.81,187743.1,232228.84,225029.31,
155,460.3121473024979,3.6621275,,,,,,,,,,,35420.625,30667.354,40881.582,38444.91,
157,437.2362964105938,3.665736,,,,,,,,,,,3882.4392,2818.1438,5427.999,4271.069,
158,563.2972253074965,3.686966,,,,,,,,,,,20538.67,15444.724,22968.438,22188.182,
159,475.2810208561034,3.6964498,,,,,,,,,,,73018.33,68952.29,85843.65,84968.69,
160,370.20787424691406,3.7117617,,,,,,,,,,,14951.318,15428.352,18433.723,16940.31,
161,429.23380953992347,3.7117617,,,,,,,,,,,6343.3257,5861.484,6861.6807,6424.8975,
162,446.2604725991706,3.7117617,,,,,,,,,,,32366.719,30474.463,36227.1,35593.355,
163,460.23964869538565,3.7667594,,,,,,,,,,,10219.118,10396.129,10390.567,10434.293,
164,459.28045030734313,3.7807212,,,,,,,,,,,40864.684,36304.965,41000.6,41527.152,
165,430.22573615975256,3.7807212,,,,,,,,,,,12892.546,8433.749,7400.8047,13975.585,
166,458.2600102221271,3.7843175,,,,,,,,,,,9538.078,9561.822,10068.831,11405.666,
167,476.3074067989698,3.7843175,,,,,,,,,,,251230.89,225942.23,258775.64,255386.84,
168,504.33845140239464,3.7843175,,,,,,,,,,,32005.672,27839.176,29161.215,29333.928,
169,370.2439345336325,3.7865899,,,,,,,,,,,5511.2847,4695.7695,9519.486,7393.965,
170,355.19658870397575,3.8188612,,,,,,,,,,,38298.383,36150.52,40048.38,40266.63,
171,372.22332264244625,3.8188612,,,,,,,,,,,774655.4,683362.9,824703.3,872847.3,
172,400.25469328628014,3.8188612,,,,,,,,,,,148491.23,132863.7,155301.23,155951.88,
173,377.1784436737103,3.8224452,,,,,,,,,,,18918.912,19009.418,21644.87,23552.768,
174,518.3178352624824,3.8368416,,,,,,,,,,,9361.556,7972.744,10032.502,9542.436,
175,490.2865614793672,3.8368416,,,,,,,,,,,42902.855,42772.11,45550.87,45847.16,
176,504.2788362729941,3.8368416,,,,,,,,,,,25632.738,34078.582,37023.97,39577.746,
177,503.275937109644,3.8368416,,,,,,,,,,,123794.59,126029.6,138926.36,141903.89,
181,386.2025860816351,3.8800669,,,,,,,,,,,28062.25,29217.28,30888.203,30180.748,
182,414.23181272558037,3.8800669,,,,,,,,,,,17019.072,18257.082,19263.533,20562.855,
183,548.3649099349665,3.8944614,,,,,,,,,,,20018.021,17253.076,21825.375,20051.254,
184,520.3339424098166,3.8944614,,,,,,,,,,,235398.75,206748.9,252805.05,223631.88,
185,474.25509364715356,3.9088519,,,,,,,,,,,7739.8413,6421.7095,8399.445,7056.198,
186,534.3128537392914,3.9515946,,,,,,,,,,,31246.088,31300.875,33890.684,33510.105,
187,591.2920181447416,3.9083734,,,,,,,,,,,20466.453,20258.725,23759.727,26106.621,
188,371.22790860783164,3.9659743,,,,,,,,,,,24041.547,21152.787,26284.379,24675.205,
189,399.22297456004424,3.9659743,,,,,,,,,,,70631.625,58109.406,71847.81,70786.37,
190,416.24950464826907,3.9659743,,,,,,,,,,,889939.1,807739.75,912292.8,958068.56,
191,421.2046526041984,3.9659743,,,,,,,,,,,14412.086,15885.954,16188.982,17425.273,
192,444.2807906061259,3.9659743,,,,,,,,,,,126086.97,107032.125,124660.484,117988.91,
193,591.3281014523657,3.9659743,,,,,,,,,,,6227.028,5718.463,6263.4404,11476.185,
194,503.3113812827943,3.970068,,,,,,,,,,,33883.367,49862.383,38884.887,38952.195,
195,464.22843472218517,4.0884485,,,,,,,,,,,541.4865,38048.633,580.34064,302.27835,
196,592.3909759167534,3.9948423,,,,,,,,,,,12958.454,10042.853,13253.889,11918.752,
197,547.3333669928678,3.9948423,,,,,,,,,,,11283.588,8894.188,12278.388,11190.242,
198,564.3600569375521,3.9948423,,,,,,,,,,,186989.28,163552.0,196823.8,193600.78,
199,453.34397851833563,4.002054,,,,,,,,,,,4527.054,5319.9956,4316.776,6747.1904,
200,548.2920570288995,3.9948423,,,,,,,,,,,7030.4917,6748.762,8794.465,8790.975,
201,416.285264468639,4.1281576,,,,,,,,,,,7480.633,8008.9897,8557.7705,10277.296,
202,518.2815428622416,4.0236416,,,,,,,,,,,9464.496,8285.267,8484.771,11106.567,
203,430.22910994366,4.0236416,,,,,,,,,,,36813.008,37445.035,43381.895,42028.582,
204,531.2711412669653,4.0236416,,,,,,,,,,,72301.55,78259.9,85296.12,91806.766,
206,420.23844670602085,4.027257,,,,,,,,,,,7391.5273,5792.1387,7484.3057,7432.729,
207,458.25952356270363,4.0308495,,,,,,,,,,,14146.47,14530.008,15752.333,18170.72,
208,578.3391635652005,4.0452423,,,,,,,,,,,20639.186,20031.49,19471.127,19368.584,
209,390.3581196138903,4.0463624,,,,,,,,,,,0,13373.63,0,0,
210,506.3055275227648,4.167555,,,,,,,,,,,45615.957,5046.351,49710.31,49207.707,
211,368.2282411388088,4.0560656,,,,,,,,,,,6546.583,8834.292,7625.328,7564.659,
212,400.29112746812984,4.05965,,,,,,,,,,,8290.743,7757.3184,8463.193,10027.689,
213,355.23287177996394,4.05604,,,,,,,,,,,12113.57,11725.749,14280.912,13761.95,
214,608.3858498423449,4.0812583,,,,,,,,,,,143357.75,128557.08,156502.1,149787.34,
215,636.4169087090091,4.084851,,,,,,,,,,,7175.255,6374.1216,6570.2417,7026.548,
216,377.21492852488916,4.0884514,,,,,,,,,,,11872.027,11008.167,12943.676,13095.373,
217,465.2311519645338,4.0920496,,,,,,,,,,,14608.836,25159.938,13943.844,16790.643,
218,463.2835897768891,4.095658,,,,,,,,,,,5163.3545,4868.1914,6036.375,5399.587,
219,415.2540236841049,4.095658,,,,,,,,,,,33294.895,26747.408,34797.39,34524.52,
220,443.2491181281009,4.095658,,,,,,,,,,,102286.91,91711.94,104823.57,107888.84,
221,460.2756804549536,4.095658,,,,,,,,,,,1191651.5,1108187.8,1249835.1,1257582.2,
222,488.3072485542641,4.095658,,,,,,,,,,,109286.445,100337.19,112122.586,114896.836,
223,592.3163930338246,4.095658,,,,,,,,,,,4884.8438,4917.0435,5605.9043,6144.635,
224,562.307602098331,4.1244645,,,,,,,,,,,7274.009,5828.562,8037.0586,8038.3276,
225,414.27012693330516,4.1244645,,,,,,,,,,,10458.466,10253.8955,11760.1,11572.368,
226,622.3654544114154,4.1388884,,,,,,,,,,,12520.911,11711.121,13831.912,12426.53,
227,619.2869051291111,4.1460857,,,,,,,,,,,24778.004,26742.158,28947.168,30736.674,
228,550.3317182086516,4.2680073,,,,,,,,,,,44496.367,42860.223,50672.074,6851.6777,
229,391.19409800219825,4.1496944,,,,,,,,,,,19979.09,21766.951,22096.143,23052.838,
230,502.2862435782847,4.1569133,,,,,,,,,,,9479.842,10181.983,11119.06,11554.9795,
231,474.2551501090102,4.1569133,,,,,,,,,,,50458.812,46756.64,60696.887,58095.21,
232,388.3424632698389,4.175502,,,,,,,,,,,38.318527,16306.877,0,0,
233,652.412198989631,4.167747,,,,,,,,,,,93238.48,74763.98,100970.695,99987.0,
235,531.3048042850562,4.178497,,,,,,,,,,,98287.38,92093.9,108183.17,112853.63,
237,399.2591603947249,4.1999135,,,,,,,,,,,21968.758,20517.967,24918.508,25635.055,
238,487.2752687913906,4.207083,,,,,,,,,,,80175.75,67617.75,82354.625,84086.31,
239,504.3018507268806,4.207083,,,,,,,,,,,1327509.6,1211754.8,1388015.2,1416558.0,
240,532.3329869710498,4.207083,,,,,,,,,,,95024.77,76359.37,92813.42,92673.74,
241,509.25714220820885,4.2106113,,,,,,,,,,,15305.667,12003.86,15097.65,15645.043,
242,371.10601422415505,4.2247634,,,,,,,,,,,24938.14,22396.818,27573.658,27326.81,
243,361.146772210303,4.231881,,,,,,,,,,,74946.33,66444.85,57711.414,60484.348,
244,356.19166079697334,4.231881,,,,,,,,,,,1452419.9,1437907.0,1620929.4,1666144.2,
245,370.2071744386596,4.231881,,,,,,,,,,,14247.665,12138.268,15153.765,15698.542,
246,384.22290186360334,4.231881,,,,,,,,,,,426408.5,427708.6,426214.8,456823.97,
247,619.3228866115807,4.2390156,,,,,,,,,,,21524.258,21311.764,25492.191,26539.027,
248,566.4279501666681,4.2390156,,,,,,,,,,,8114.53,8125.06,8955.721,10894.01,
249,696.4379655537131,4.242621,,,,,,,,,,,32017.14,23325.516,34008.17,30513.26,
250,518.2813696739155,4.2678003,,,,,,,,,,,53554.99,51665.85,60233.324,61835.574,
251,435.2203135127922,4.2822275,,,,,,,,,,,18936.584,16857.678,19780.744,20389.902,
252,551.3364210913616,4.307415,,,,,,,,,,,7705.002,7838.855,8683.764,8931.8125,
253,548.3284140722187,4.307415,,,,,,,,,,,1118987.5,996509.06,1179442.1,1179337.9,
254,553.2832725136559,4.3110123,,,,,,,,,,,11654.065,9871.463,11933.839,12595.122,
255,576.3593477762163,4.3110123,,,,,,,,,,,64118.92,52478.434,65535.41,65047.543,
256,443.28524446925826,4.3181844,,,,,,,,,,,36790.207,35358.668,38727.0,38633.54,
257,460.31151012933384,4.332566,,,,,,,,,,,35410.348,34163.02,36925.31,39014.38,
258,559.3017290597782,4.350558,,,,,,,,,,,29787.502,33416.914,31993.135,36738.61,
259,562.3073457923542,4.3684235,,,,,,,,,,,54157.598,54897.59,55149.8,60134.996,
260,383.19127475026943,4.3789463,,,,,,,,,,,17124.768,16391.414,15790.681,15417.115,
261,355.1961575973602,4.3824415,,,,,,,,,,,48241.348,46445.195,44872.95,52230.54,
262,400.21793180000657,4.3824415,,,,,,,,,,,2219219.8,2167667.5,2180664.2,2345253.5,
263,428.24917808860715,4.3824415,,,,,,,,,,,268749.7,253204.1,252163.27,311184.53,
264,405.1729512419729,4.3824415,,,,,,,,,,,43092.496,57397.08,54204.1,49713.23,
265,597.3091880040902,4.3966417,,,,,,,,,,,9409.064,10533.379,7867.425,11039.748,
266,575.3276454015821,4.3966417,,,,,,,,,,,28385.656,26164.232,25135.566,30903.684,
267,592.3543506170347,4.3966417,,,,,,,,,,,954966.2,873352.3,887618.3,1011251.06,
268,620.3852877980034,4.3966417,,,,,,,,,,,46177.387,40943.133,41749.586,49948.29,
269,595.362148111976,4.3966417,,,,,,,,,,,9020.002,8063.1616,8400.93,9646.413,
270,476.2279277237403,4.400236,,,,,,,,,,,22306.299,20389.514,20933.154,22333.79,
271,487.3113604740583,4.4145985,,,,,,,,,,,51669.992,48661.33,48342.83,54386.71,
272,752.8756413874282,4.393119,,,,,,,,,,,229.78552,93.04657,15722.934,210.62737,
273,753.0887680918725,4.471503,,,,,,,,,,,452.90335,124.59793,9247.544,266.28494,
274,504.3380213389944,4.424999,,,,,,,,,,,54469.074,54176.48,52175.434,59390.35,
275,647.3178453425955,4.424999,,,,,,,,,,,14463.208,15639.65,12930.653,16131.169,
277,606.3335450229491,4.4574366,,,,,,,,,,,44532.7,46228.18,42105.61,47627.402,
278,434.3115184187468,4.464613,,,,,,,,,,,4174.92,19416.676,1069.3588,2671.5532,
279,619.3536880557348,4.4825377,,,,,,,,,,,18270.158,13707.4795,14554.33,16488.117,
280,636.3804897556417,4.4825377,,,,,,,,,,,708008.4,573895.9,612988.06,636669.56,
281,664.4114307461948,4.4825377,,,,,,,,,,,27265.51,20201.637,23049.027,25108.363,
282,518.317302168055,4.489542,,,,,,,,,,,17315.738,24361.035,22580.264,26253.951,
283,531.3376206879559,4.5000186,,,,,,,,,,,46732.863,47263.348,43719.434,48101.426,
284,449.1990270652712,4.503397,,,,,,,,,,,31894.557,31127.908,38340.934,31318.854,
285,371.22748684102874,4.503397,,,,,,,,,,,24330.744,22101.535,20464.744,23365.293,
286,399.22255200925747,4.503397,,,,,,,,,,,81695.6,79065.55,70078.01,80978.07,
287,427.2175630131566,4.503397,,,,,,,,,,,29054.807,29390.62,27635.498,29403.955,
288,444.24416293470875,4.503397,,,,,,,,,,,2855361.0,2911358.0,2750541.2,2911907.8,
289,472.27537205920214,4.503397,,,,,,,,,,,194546.64,189943.14,178830.34,197784.19,
290,548.363793007183,4.503397,,,,,,,,,,,85640.98,89230.59,84081.02,91561.06,
291,447.25173725206423,4.503397,,,,,,,,,,,15580.997,15690.669,14812.145,15868.449,
292,576.3952088441988,4.503414,,,,,,,,,,,19854.938,17541.252,17348.03,18885.8,
293,539.2619003922852,4.524476,,,,,,,,,,,4309.286,9681.41,12624.227,5056.7065,
294,650.3598836259737,4.538931,,,,,,,,,,,40075.125,38421.78,37984.11,42127.594,
295,680.4069271171812,4.5569434,,,,,,,,,,,268060.22,181053.58,227811.72,220677.02,
296,388.33645255289554,4.629574,,,,,,,,,,,0,111205.86,0,52.472027,
297,575.3642318187276,4.58216,,,,,,,,,,,34373.453,32818.727,33049.523,35586.645,
298,476.2641056825535,4.5857515,,,,,,,,,,,32818.18,28223.693,31497.041,31365.777,
299,562.3434569676657,4.592875,,,,,,,,,,,35496.684,37304.184,34029.094,43078.094,
300,448.23315881122727,4.453836,,,,,,,,,,,79741.87,62211.617,74220.71,75840.695,
301,592.3903622202967,4.5997615,,,,,,,,,,,119505.08,115745.04,121032.836,124122.39,
302,416.3000991643354,4.6641693,,,,,,,,,,,26326.273,21417.268,4438.1646,6745.6206,
303,491.2781663122863,4.6104574,,,,,,,,,,,21526.316,20664.1,20548.69,19660.97,
304,493.22548483953653,4.6104574,,,,,,,,,,,32011.234,24390.72,22565.785,29068.713,
305,443.2487771818634,4.6104574,,,,,,,,,,,44434.19,46429.574,46283.836,43449.375,
306,471.2436973214031,4.6104574,,,,,,,,,,,28524.998,30893.887,29772.441,28705.23,
307,488.27047674049334,4.6104574,,,,,,,,,,,2952650.5,3013809.0,3038934.2,3006045.5,
308,516.3016662835013,4.6104574,,,,,,,,,,,125839.83,120648.79,131024.48,125093.39,
309,694.38589738666,4.617418,,,,,,,,,,,21008.676,15512.308,18974.916,17950.352,
310,374.35295887882575,4.556885,,,,,,,,,,,0,20747.08,90.087135,0,
311,724.4324897979246,4.6244764,,,,,,,,,,,63016.293,39931.094,54618.68,45605.188,
312,476.22822241485835,4.6104574,,,,,,,,,,,579965.3,548955.3,570348.4,563888.94,
313,606.3696921891565,4.682145,,,,,,,,,,,43202.96,49340.01,41707.656,41578.133,
314,636.4166449637929,4.6964254,,,,,,,,,,,104548.32,85786.32,94261.12,89043.13,
315,576.3603734933129,4.6892858,,,,,,,,,,,43501.344,47964.273,43504.37,43101.324,
316,845.214165233579,4.7537174,,,,,,,,,,,393.60968,109.410484,455.28546,26793.47,
317,487.27519613137576,4.710456,,,,,,,,,,,22497.434,23745.816,23187.832,24747.11,
318,515.270111385943,4.710456,,,,,,,,,,,25076.846,28096.451,25610.0,25925.307,
319,532.2969251257084,4.710456,,,,,,,,,,,2625609.2,2825632.0,2648287.0,2661027.2,
320,537.251583211058,4.710456,,,,,,,,,,,19309.21,20966.965,18162.209,20933.332,
321,560.3277474496381,4.710456,,,,,,,,,,,88048.69,101795.445,91104.17,95972.7,
322,535.3045351431444,4.710456,,,,,,,,,,,21901.705,22745.623,21285.938,23002.86,
323,386.32641065728865,4.7181287,,,,,,,,,,,96.63345,47946.258,0,0,
324,680.4427271613997,4.724663,,,,,,,,,,,45692.637,37065.137,40579.367,37290.074,
325,650.3951352963949,4.73194,,,,,,,,,,,34699.652,29206.402,31284.28,31010.945,
326,894.8106585849665,4.778534,,,,,,,,,,,274.0346,534.2842,462.11053,17485.727,
327,620.3870358814835,4.7571607,,,,,,,,,,,43108.46,42731.23,41651.293,45147.715,
329,789.4731908970946,4.7465253,,,,,,,,,,,218.948,187.70552,22908.457,471.59988,
330,581.2778055135838,4.7964444,,,,,,,,,,,17418.15,17678.49,20172.0,20699.615,
331,750.0003511725063,4.7748804,,,,,,,,,,,252.84282,231.85635,20910.498,538.26306,
332,833.104214065228,4.8215656,,,,,,,,,,,638.41327,389.32404,14023.196,221.71815,
333,559.2965918466917,4.7964444,,,,,,,,,,,21334.37,29028.531,24102.45,25877.316,
334,576.3231400187674,4.7964444,,,,,,,,,,,1919094.0,2441867.5,2091950.9,2292272.8,
335,604.3539725375456,4.7964444,,,,,,,,,,,62357.074,81388.38,63340.797,72334.14,
336,531.3016652707486,4.7964444,,,,,,,,,,,13082.021,13419.922,14596.473,14328.808,
338,504.2592602314061,4.7999635,,,,,,,,,,,21387.537,24442.78,24329.041,22818.682,
339,495.2716931504853,4.8107085,,,,,,,,,,,2705.2832,4758.002,21416.494,2514.1318,
340,833.26948278024,4.8681536,,,,,,,,,,,380.07513,183.87167,29953.326,452.437,
341,575.2605288146733,4.81431,,,,,,,,,,,18736.523,27790.268,29458.639,28051.143,
342,504.22316598392223,4.8251276,,,,,,,,,,,541106.8,215217.33,449493.1,571722.4,
343,664.4116901052998,4.8251276,,,,,,,,,,,22799.988,19388.656,21599.604,21408.408,
344,476.26426037983055,4.857519,,,,,,,,,,,41158.965,40901.453,35720.016,39309.66,
345,603.322604497009,4.871689,,,,,,,,,,,21825.02,25019.504,21904.715,22326.158,
346,620.3493837172111,4.871689,,,,,,,,,,,1664536.4,1810377.1,1609072.4,1756220.1,
347,648.3803035229746,4.871689,,,,,,,,,,,47122.74,50929.7,43668.586,49954.367,
348,625.3041176083033,4.8752365,,,,,,,,,,,13068.46,15959.148,13540.78,15746.171,
349,509.28745672203684,4.882349,,,,,,,,,,,24027.2,5514.2544,40435.203,4300.5947,
351,358.33161163175555,4.883208,,,,,,,,,,,53.40175,11128.855,0,0,
352,520.2544370024636,4.932834,,,,,,,,,,,8663.961,7896.1104,6440.819,7598.587,
354,692.4067988437355,4.9400373,,,,,,,,,,,21449.084,18532.291,15273.42,17906.129,
355,664.3758450671703,4.9436374,,,,,,,,,,,776041.7,622880.0,544503.94,655721.75,
356,647.3488109874314,4.9400373,,,,,,,,,,,12308.167,9321.906,8760.507,10345.901,
357,683.2283656441527,4.976112,,,,,,,,,,,233.5165,96.40413,15484.918,176.21704,
358,715.8128443007546,5.001305,,,,,,,,,,,242.48795,363.7737,11192.931,495.64502,
359,834.8875957920654,5.008545,,,,,,,,,,,475.1043,1515.9866,32424.08,655.9884,
360,884.0018754129694,5.0481844,,,,,,,,,,,310.3072,149.01083,27412.14,346.4168,
362,393.20358378457075,4.958073,,,,,,,,,,,12912.625,9715.714,2403.267,3793.3672,
363,715.8627811593468,4.9150186,,,,,,,,,,,248.76443,243.52524,23499.447,331.32916,
364,751.4479856755772,4.994192,,,,,,,,,,,369.41772,416.79425,33066.01,262.9521,
365,790.8884411355384,4.965283,,,,,,,,,,,658.7445,434.1882,19905.855,337.0216,
366,834.8288690542572,4.997718,,,,,,,,,,,492.87335,545.78546,26864.717,866.8037,
367,883.8805898882782,4.9473476,,,,,,,,,,,329.34918,360.11932,25815.896,277.59854,
368,476.22847568869685,4.9978495,,,,,,,,,,,277548.97,256311.34,113343.2,233031.36,
369,751.392087829068,4.954619,,,,,,,,,,,234.57281,392.49033,17483.002,620.56226,
370,834.7693533879493,4.9439077,,,,,,,,,,,423.286,270.76846,27104.936,884.4737,
371,504.2597788712343,5.012204,,,,,,,,,,,302691.22,283946.2,172089.06,263066.7,
372,505.2627738919998,5.012204,,,,,,,,,,,93906.984,91208.16,42976.89,79482.95,
373,708.4022006804848,5.012204,,,,,,,,,,,208571.34,152981.3,187518.38,158026.78,
374,491.2407854473297,5.0374713,,,,,,,,,,,1505.0349,7537.8647,1653.782,1208.4191,
375,603.2921808374122,5.0446806,,,,,,,,,,,14013.01,14593.908,7991.831,12038.199,
376,416.30071357251643,5.048309,,,,,,,,,,,32632.719,8491.66,1016.7919,5135.634,
377,752.4282843578817,5.0699754,,,,,,,,,,,95273.41,57906.332,65061.387,80977.98,
379,466.19965383493354,5.062681,,,,,,,,,,,50819.96,46922.9,12038.185,43954.19,
380,822.9088292995825,5.1488795,,,,,,,,,,,662.3745,339.62036,15930.607,265.3233,
381,868.5134220601033,5.159759,,,,,,,,,,,426.4909,227.5888,25119.906,244.41513,
382,603.2554414166528,5.0880427,,,,,,,,,,,18437.865,22123.77,7816.7603,18729.857,
384,386.316790809633,5.002139,,,,,,,,,,,0,55805.48,0,51.967587,
385,868.5688624503716,5.0914283,,,,,,,,,,,353.67764,230.73349,36466.59,251.96155,
387,391.31669983520857,5.106802,,,,,,,,,,,0,43427.848,0,0,
388,523.2670508612144,5.11324,,,,,,,,,,,132689.27,136771.16,80874.42,90418.555,
389,509.25161926720364,5.11324,,,,,,,,,,,7796.421,16294.817,6942.363,25204.03,
390,520.2184902896371,5.11324,,,,,,,,,,,92640.195,106381.59,76399.695,95584.83,
391,822.9627846349338,5.1201005,,,,,,,,,,,479.69293,291.41754,27092.74,249.14706,
392,372.34754375632883,5.127892,,,,,,,,,,,48.943954,178807.47,0,0,
393,509.28761166361755,5.170432,,,,,,,,,,,50509.965,11886.491,43252.21,18600.049,
396,370.33192355087385,5.23869,,,,,,,,,,,129.77911,46377.58,52.78929,56.010475,
397,495.2717688553039,5.181148,,,,,,,,,,,3828.6277,2213.5706,14908.143,7637.514,
398,504.22345156826617,5.199174,,,,,,,,,,,1964816.2,2042230.4,1528052.6,1773806.9,
399,505.2266485501747,5.199174,,,,,,,,,,,560958.75,470970.66,351943.62,548938.8,
400,377.3374241326458,5.2085958,,,,,,,,,,,239.05078,12200.19,264.28287,0,
401,532.2548163883788,5.2170625,,,,,,,,,,,315728.4,324301.12,257399.67,286978.53,
402,533.2580526560245,5.2170625,,,,,,,,,,,96467.59,101540.19,81484.04,88455.26,
403,375.321940741104,5.237287,,,,,,,,,,,47.075832,14527.978,133.98839,0,
404,451.2702344776319,5.2242384,,,,,,,,,,,11906.238,11419.166,8743.981,10457.189,
405,868.393342579755,5.2027473,,,,,,,,,,,378.80032,199.24057,15155.588,296.83514,
406,494.1945373328107,5.220663,,,,,,,,,,,47455.773,32931.76,27465.87,31876.502,
407,430.2225802272223,5.2457623,,,,,,,,,,,19097.559,18520.145,11156.8955,14804.817,
410,448.2330147060161,5.3098526,,,,,,,,,,,19928.715,100416.875,47146.05,46560.742,
411,375.2156032175874,5.3134675,,,,,,,,,,,599.5153,20306.695,97.86328,571.92194,
412,495.29631706301,5.314171,,,,,,,,,,,10847.766,9053.882,11058.14,8570.334,
413,532.2186958813077,5.33136,,,,,,,,,,,2535715.2,2741868.8,2369803.0,2587713.0,
414,533.2217870395356,5.334858,,,,,,,,,,,754268.4,566883.7,704750.4,759219.3,
415,504.25935186904167,5.3418045,,,,,,,,,,,144537.0,135350.16,130643.49,136501.11,
416,505.2624192057959,5.3418045,,,,,,,,,,,43096.15,39322.31,39486.02,37975.28,
417,517.3090691925124,5.348936,,,,,,,,,,,11390.77,14022.983,8270.93,8276.426,
418,466.1992766358841,5.3846273,,,,,,,,,,,44996.027,42943.04,39074.504,40216.758,
419,494.2305549512562,5.3987846,,,,,,,,,,,25812.914,25413.791,23467.512,26262.797,
420,352.1966102093573,5.4059205,,,,,,,,,,,16835.326,17974.6,14983.266,16927.215,
421,548.2481429980941,5.41313,,,,,,,,,,,34861.805,32323.65,33083.85,33774.137,
422,440.30075687552767,5.4735975,,,,,,,,,,,5390.372,77756.13,30339.684,11631.284,
424,458.2174107005312,5.448886,,,,,,,,,,,46132.285,45090.69,40770.914,45055.094,
425,430.28398473994787,5.5515423,,,,,,,,,,,1109.5706,1059.2179,734.67316,88773.305,
426,548.2131219624483,5.45592,,,,,,,,,,,125935.77,136727.12,121446.79,132435.44,
427,462.2253694466953,5.4736986,,,,,,,,,,,95.19044,13765.241,112.44875,4379.6562,
428,412.2732216662366,5.533611,,,,,,,,,,,2497.7388,2980.7031,454.85632,27156.705,
429,396.2230209251834,5.4774857,,,,,,,,,,,28017.725,27737.635,23141.998,25970.365,
431,533.2578055273277,5.497922,,,,,,,,,,,362789.8,352928.97,324255.97,351790.6,
432,532.2545156698197,5.497922,,,,,,,,,,,1176129.5,1119655.6,1055749.0,1128522.1,
433,493.25609056211664,5.501257,,,,,,,,,,,82892.94,102372.734,91659.805,73089.09,
434,478.26317883495875,5.5230455,,,,,,,,,,,23017.59,1049.0419,5373.029,14106.424,
435,496.27065886365926,5.490813,,,,,,,,,,,55469.082,263.77158,12228.246,19783.217,
436,514.2841343394141,5.490813,,,,,,,,,,,33741.8,118.85306,8390.97,16634.045,
437,531.3090685641907,5.508647,,,,,,,,,,,29772.73,1682.205,8203.246,4917.1885,
438,428.1647011159893,5.5333514,,,,,,,,,,,34623.133,35025.88,28004.924,33878.195,
439,376.30578684369254,5.5405254,,,,,,,,,,,16968.916,143999.61,15350.822,25857.938,
440,496.1906330951666,5.5476465,,,,,,,,,,,113862.695,116511.8,99463.43,117391.46,
441,422.21741981041174,5.536948,,,,,,,,,,,19237.463,12273.432,15834.899,16766.834,
442,440.24913284614786,5.5405254,,,,,,,,,,,28605.809,31400.637,24847.646,28266.938,
443,494.19436961979443,5.5441294,,,,,,,,,,,382574.03,378883.84,329654.28,370326.6,
444,353.23142195889204,5.5441294,,,,,,,,,,,7765.4814,72878.13,7351.4663,13975.13,
445,497.1942953555021,5.5441294,,,,,,,,,,,31513.305,32127.984,26139.854,33006.312,
446,507.27200686824335,5.569053,,,,,,,,,,,499387.0,451322.78,280223.22,219499.11,
448,446.28041939069396,5.551253,,,,,,,,,,,160.59085,532.9314,123.07268,68115.95,
449,464.2895216112594,5.6768446,,,,,,,,,,,2746.093,2855.4802,2035.601,286729.12,
450,529.2536047296228,5.569053,,,,,,,,,,,17991.014,16018.834,11007.542,7278.195,
451,442.31679122987566,5.579858,,,,,,,,,,,1974.8939,36322.555,2024.5603,7022.3364,
452,479.27702483934473,5.579858,,,,,,,,,,,25764.6,5432.076,20463.145,9347.323,
453,484.2755774206717,5.5978374,,,,,,,,,,,28252.738,29390.756,23778.662,27333.076,
454,522.225772268293,5.5978374,,,,,,,,,,,28292.768,26655.342,24280.16,28324.623,
455,526.2621210391382,5.7093,,,,,,,,,,,237.86632,106.39551,496.59473,11218.646,
456,493.2925540069748,5.641082,,,,,,,,,,,63288.84,6608.372,45380.008,15541.779,
457,369.22614906715455,5.7129884,,,,,,,,,,,2488.1345,27759.422,1826.4366,10475.443,
458,373.1974448380181,5.6195025,,,,,,,,,,,217.11559,22882.44,101.521515,541.3206,
459,528.3020468998668,5.651851,,,,,,,,,,,27332.428,26657.977,23505.2,26901.088,
460,374.29021145125955,5.6589007,,,,,,,,,,,75967.53,260911.19,22499.826,25497.281,
462,560.2496736766932,5.691274,,,,,,,,,,,1373221.8,1180666.6,1181413.9,1210331.0,
463,572.3277679168525,5.702036,,,,,,,,,,,16588.117,13359.338,14973.359,14025.803,
464,428.2678428433781,5.63026,,,,,,,,,,,476.00183,272.91092,166.4591,28166.168,
465,481.3274231408968,5.6995106,,,,,,,,,,,0,0,0,15806.185,
466,398.29028999329046,5.7307706,,,,,,,,,,,28265.268,63567.613,7087.9004,12601.86,
467,522.1896888900205,5.7271852,,,,,,,,,,,476743.9,529727.44,429212.97,482572.9,
468,494.23057460420773,5.745151,,,,,,,,,,,19325.719,18921.818,16290.783,19132.91,
469,786.3095238875875,5.76328,,,,,,,,,,,115.46619,18216.533,285.4876,139.25255,
470,518.2756033542909,5.7415533,,,,,,,,,,,25669.68,11731.6045,22244.057,22740.918,
471,378.3215042323933,5.7667866,,,,,,,,,,,7262.8857,90585.48,2505.698,1991.7823,
472,386.17512726190006,5.7667866,,,,,,,,,,,2461.2434,25615.898,691.89667,629.9851,
473,462.272971953036,5.6914015,,,,,,,,,,,680.6331,692.9688,301.04102,57930.355,
475,576.2449008420534,5.7991967,,,,,,,,,,,47333.18,46589.637,34940.613,43483.324,
476,577.2479793518698,5.7991967,,,,,,,,,,,14688.363,13321.917,12901.461,13159.66,
477,353.2311454494938,5.7956977,,,,,,,,,,,7920.911,39575.973,5268.61,4147.9487,
478,376.3060308640442,5.7885165,,,,,,,,,,,28528.094,224370.0,8775.494,8451.676,
479,377.2299593081142,5.8531923,,,,,,,,,,,74660.94,112576.586,20175.77,41113.676,
480,400.3060863325556,5.8531923,,,,,,,,,,,74800.45,112041.07,26528.17,55864.207,
481,355.2474696980005,5.8532286,,,,,,,,,,,97012.96,241203.97,28914.01,52795.195,
482,430.18646900828213,5.885564,,,,,,,,,,,8904.503,11690.613,18842.828,9623.558,
483,522.2259634815509,5.8999534,,,,,,,,,,,198871.25,178940.53,169554.67,179302.94,
484,546.2700737006365,5.9143305,,,,,,,,,,,33307.207,22444.912,24823.393,22725.635,
485,362.29768042509494,5.8963795,,,,,,,,,,,792.4003,154847.28,71.54505,364.6579,
487,375.2142772475065,5.9972463,,,,,,,,,,,9388.8125,111615.76,1198.6481,14848.366,
490,396.2748062675629,5.9323573,,,,,,,,,,,7959.285,34600.145,235.1578,2881.3037,
491,428.2706447570509,6.040464,,,,,,,,,,,208.9584,350.4584,390.49564,21073.594,
492,464.2883414100599,6.0116425,,,,,,,,,,,9360.9,2469.5598,1831.5271,15277.373,
493,481.32797508128544,5.9906445,,,,,,,,,,,0,192.20673,0,17753.172,
495,357.26504815045246,6.033278,,,,,,,,,,,4623.452,19832.258,928.01447,788.5288,
496,355.24800386010406,5.9396214,,,,,,,,,,,18710.254,44894.867,7930.1064,19526.586,
497,377.2301064378895,5.9324293,,,,,,,,,,,43900.574,38252.48,9323.175,17793.879,
498,414.2931064371733,6.0116158,,,,,,,,,,,2237.8076,7029.609,496.2665,17455.041,
499,550.2208815561912,6.0837307,,,,,,,,,,,181835.17,145413.34,162131.36,161537.66,
500,412.28099041994426,6.0620575,,,,,,,,,,,447.6436,35190.902,1019.4247,189562.95,
501,466.3168471782304,6.098965,,,,,,,,,,,0,24242.639,743.1254,134286.84,
502,400.30613881463375,6.1233134,,,,,,,,,,,38079.02,75329.33,17188.771,7580.1323,
503,430.29401846796327,6.098113,,,,,,,,,,,159.45323,14435.986,419.24597,99683.29,
504,448.29888550375176,6.087328,,,,,,,,,,,2620.0369,8711.088,570.3853,71131.8,
505,780.3465280349054,6.1053023,,,,,,,,,,,31155.334,402.72562,781.6676,12011.22,
506,398.2905146765238,5.957557,,,,,,,,,,,22994.57,209237.33,4653.6597,35582.66,
507,422.1811535431126,6.116155,,,,,,,,,,,166237.55,141065.08,152558.5,137174.06,
508,427.1367086401865,6.116155,,,,,,,,,,,164280.12,139621.42,148169.53,132723.8,
509,450.2126215506753,6.116155,,,,,,,,,,,143733.55,122770.8,146634.11,143575.81,
510,768.286783001095,6.094552,,,,,,,,,,,69621.08,45434.555,77201.75,89204.18,
511,462.267510305245,6.137731,,,,,,,,,,,177703.12,11902.258,315438.3,34309.508,
512,480.2782595137341,6.1413145,,,,,,,,,,,57928.867,4130.391,111779.1,13420.128,
513,533.3257595327116,6.137731,,,,,,,,,,,75843.43,4064.404,138873.44,11186.138,
514,498.2887599772956,6.141327,,,,,,,,,,,33009.023,2030.1643,61396.617,10596.287,
515,516.3003864415834,6.141327,,,,,,,,,,,31952.598,4166.0674,52328.582,10098.775,
516,538.2766149943905,6.166491,,,,,,,,,,,35528.51,3213.3218,64330.293,6706.8228,
517,424.3059273979619,6.1665125,,,,,,,,,,,15545.523,84394.625,19444.395,38269.89,
518,764.3514705037794,6.1125298,,,,,,,,,,,47294.8,147.77077,2795.1492,4905.9414,
519,379.2479732510214,6.170105,,,,,,,,,,,29054.967,59820.723,13609.841,22952.01,
522,770.3468958403807,6.263631,,,,,,,,,,,5972.2065,118.13879,4057.8784,7236.9683,
523,381.2656947409154,6.31052,,,,,,,,,,,6071.939,18814.932,524.7175,6621.0312,
524,462.2336369266226,6.3105245,,,,,,,,,,,12512.656,13259.941,12455.94,12585.814,
525,430.2878156110837,6.3862157,,,,,,,,,,,85.04027,45408.934,414.64426,20477.717,
526,448.2984056809151,6.328557,,,,,,,,,,,690.3089,55234.84,312.76004,21779.766,
527,465.33708972842805,6.342602,,,,,,,,,,,258.94382,32344.262,0,1241.4824,
528,470.29130686759464,6.31014,,,,,,,,,,,0,13653.157,52.522614,2582.1047,
529,480.2787039180211,6.3573995,,,,,,,,,,,64429.598,19694.822,912.3846,1635.1285,
530,498.28886731800935,6.310556,,,,,,,,,,,27160.72,8081.6836,237.77899,4387.3833,
531,515.3154316139882,6.29932,,,,,,,,,,,48993.02,15893.137,0,147.3028,
533,356.2795917828787,6.306939,,,,,,,,,,,3292.8584,36205.33,5062.6387,5886.859,
534,424.30596350908525,6.353761,,,,,,,,,,,4702.2026,29780.783,4340.555,6380.7104,
535,504.1870800402825,6.4402847,,,,,,,,,,,15890.156,16710.627,19994.09,14355.696,
536,390.33161847212665,6.4086137,,,,,,,,,,,163.23685,26022.666,44.39802,0,
537,589.969207699155,6.4552393,,,,,,,,,,,86.94671,19415.84,0,0,
538,782.3069033844232,6.4727845,,,,,,,,,,,1698.5404,16423.973,1597.6084,427.15598,
539,450.21238781809427,6.4980116,,,,,,,,,,,30893.014,13249.109,27745.936,26681.785,
540,380.2796631779496,6.5556526,,,,,,,,,,,10173.6,44885.664,521.3841,2769.0464,
541,449.38515216119896,6.494387,,,,,,,,,,,8651.98,9353.5205,7814.4897,9254.429,
542,583.2556842759743,6.505206,,,,,,,,,,,1616.4977,12030.83,800.68036,1726.7804,
543,396.2750570468231,6.4943933,,,,,,,,,,,23607.705,3129.7183,4831.2373,5416.915,
544,358.2951500928895,6.588153,,,,,,,,,,,10852.942,129847.56,8520.627,7622.8594,
545,750.336508129563,6.5376625,,,,,,,,,,,12475.399,148.9642,1569.1897,27852.684,
546,616.1769578493196,6.5629387,,,,,,,,,,,7330.661,33931.74,13540.895,13152.422,
547,764.3517025357571,6.5845795,,,,,,,,,,,32990.426,597.0148,5327.763,94885.28,
548,414.28503470483383,6.6061964,,,,,,,,,,,10193.07,9972.64,9602.681,10244.885,
549,391.2087506787195,6.6061964,,,,,,,,,,,9847.738,9748.472,8837.227,9864.311,
550,377.22992006791003,6.624175,,,,,,,,,,,1815.5182,42855.656,7695.245,21321.145,
551,400.3058258252838,6.63136,,,,,,,,,,,4296.464,36401.816,10195.049,15973.787,
552,424.3058245894541,6.591744,,,,,,,,,,,2581.4165,64306.34,10701.123,44080.5,
553,431.13369731768955,6.6422305,,,,,,,,,,,31692.402,45569.637,41936.414,43174.484,
554,382.29529249756126,6.5989947,,,,,,,,,,,60704.613,4761.4663,1919.9419,2886.7888,
555,617.999548406754,6.660996,,,,,,,,,,,0,749368.8,357.78918,1337.7827,
556,404.20666468758526,6.670908,,,,,,,,,,,47962.47,8191.5205,53435.242,68565.875,
557,409.16208056243676,6.670908,,,,,,,,,,,52923.285,8273.536,55783.31,68905.984,
558,387.180137847458,6.670908,,,,,,,,,,,148665.03,25465.615,159812.66,203989.38,
559,432.23821935377794,6.670908,,,,,,,,,,,566735.4,96591.46,597019.1,750239.9,
560,418.22210406350854,6.674485,,,,,,,,,,,27092.09,3992.433,26055.951,33855.645,
561,380.2793964651754,6.7464857,,,,,,,,,,,20230.2,65419.918,2545.5132,16786.297,
562,702.2804656240345,6.703285,,,,,,,,,,,1722.8424,87691.484,5676.1367,1641.289,
563,415.1386092239598,6.7356873,,,,,,,,,,,40297.62,39470.86,35505.78,37077.797,
564,455.1313510305962,6.746482,,,,,,,,,,,785522.6,717281.9,705419.75,682501.75,
565,450.1759984415436,6.7465086,,,,,,,,,,,848535.94,849448.56,780894.56,814196.3,
566,716.2555701997559,6.8097873,,,,,,,,,,,0,42058.992,92.35774,77.23018,
567,478.20733779251077,6.760912,,,,,,,,,,,350818.62,403897.88,351537.4,372894.66,
568,816.3223577446021,6.7717056,,,,,,,,,,,38496.79,37092.152,34619.164,36885.94,
569,770.3455519116058,6.8185782,,,,,,,,,,,2636.632,140.10236,16807.543,7522.8184,
570,355.25427712864905,6.7573223,,,,,,,,,,,848.28046,5607.4863,14372.542,7024.257,
571,370.2587098968596,6.8222046,,,,,,,,,,,653.619,11279.667,529.06964,38925.754,
574,646.0309071511971,6.9288096,,,,,,,,,,,60.87874,180816.38,0,352.93866,
575,460.27069107661987,6.9194818,,,,,,,,,,,71592.77,41927.688,28669.055,31633.332,
576,415.21157181236515,6.923086,,,,,,,,,,,37393.688,19723.643,15761.13,14112.857,
577,432.2381406531176,6.9302897,,,,,,,,,,,13473.66,3284.323,13579.9375,19290.475,
578,734.3391465365235,6.9339094,,,,,,,,,,,6704.5063,106.97469,3267.8867,45628.24,
579,376.2595147893352,7.0059566,,,,,,,,,,,105181.74,116547.836,160141.39,135694.06,
580,393.28590945097625,7.0059566,,,,,,,,,,,29144.73,30873.072,44878.457,36550.16,
581,421.31735438082376,7.0059566,,,,,,,,,,,48380.062,53863.207,74451.26,60723.5,
582,414.2946246700122,6.9843674,,,,,,,,,,,755.44275,96892.36,430.68472,12254.106,
583,432.310622292193,7.045658,,,,,,,,,,,2449.1099,33092.09,12885.517,9159.436,
584,450.31993707158017,6.9699345,,,,,,,,,,,257.3559,53307.984,258.1564,3341.9998,
585,748.3568614687601,7.0384474,,,,,,,,,,,366441.78,12436.388,138987.05,466353.0,
586,770.3387233454755,7.0384474,,,,,,,,,,,21218.42,274.40533,7200.436,27195.854,
587,408.31096648037794,7.067276,,,,,,,,,,,4491.752,1444.0514,6463.93,16062.976,
588,359.2186648370508,7.213774,,,,,,,,,,,27682.71,6513.6006,2575.3813,11421.518,
589,358.29506525764,7.124998,,,,,,,,,,,21175.797,48637.78,19361.566,43364.465,
590,478.20722366423115,7.1286097,,,,,,,,,,,188971.9,152040.48,174863.42,140771.97,
591,483.1626405660601,7.1286097,,,,,,,,,,,26338.145,16634.184,22949.508,19460.285,
592,380.279526423889,7.1466084,,,,,,,,,,,8436.722,28022.258,311.96283,14862.279,
593,464.2816192424182,7.1855087,,,,,,,,,,,123247.77,29922.758,2720.2593,2581.0518,
594,700.2675839764794,7.1125717,,,,,,,,,,,0,60965.453,335.1295,72.62505,
595,387.1928637387252,7.175432,,,,,,,,,,,164401.52,147341.83,157264.25,160084.02,
597,453.1669343783683,7.2421618,,,,,,,,,,,94474.98,72304.74,59107.754,50525.65,
598,476.26369368579157,7.238565,,,,,,,,,,,59734.137,61934.266,38974.668,33622.402,
599,488.2990203031078,7.2454767,,,,,,,,,,,49559.605,51276.5,33512.85,29758.807,
600,415.211237581143,7.2454767,,,,,,,,,,,2969261.0,2605646.2,1900377.9,1649643.8,
601,432.2378333872461,7.2454767,,,,,,,,,,,706280.56,623523.25,422971.78,381702.9,
602,437.19318291323873,7.2454767,,,,,,,,,,,885645.2,706657.06,578509.1,454408.6,
603,460.269069174777,7.2454767,,,,,,,,,,,5402770.0,5021126.0,3516153.5,3214985.5,
604,446.25315342390604,7.2454767,,,,,,,,,,,264791.16,231197.33,169530.83,150780.0,
605,502.2793034467871,7.2454767,,,,,,,,,,,65766.11,63811.805,45575.414,39656.92,
606,374.36237507705874,7.2522545,,,,,,,,,,,31657.42,17165.12,42357.637,43580.523,
608,686.2845814846121,7.2729635,,,,,,,,,,,3839.7922,81057.055,7750.897,4512.532,
609,478.1706220897777,7.344206,,,,,,,,,,,2140830.5,1750167.9,1773456.1,1977418.1,
610,483.1259635099196,7.344206,,,,,,,,,,,1225984.6,1070914.1,1214691.8,1135597.8,
611,499.0995998622926,7.344206,,,,,,,,,,,135112.33,96591.45,136728.53,101595.484,
612,506.20187957942073,7.3513765,,,,,,,,,,,358778.8,371559.22,391657.94,400100.72,
613,698.3012867261114,7.3585153,,,,,,,,,,,137490.95,100740.22,151607.36,124389.0,
614,654.2750841526731,7.362116,,,,,,,,,,,171971.86,158841.45,182413.19,153600.86,
615,697.2530479230378,7.37641,,,,,,,,,,,18554.107,437632.94,21348.516,9576.132,
616,719.2344545687878,7.37641,,,,,,,,,,,4252.918,91317.86,4132.1484,2406.1978,
617,742.3230695386726,7.3548093,,,,,,,,,,,55219.336,69373.53,49441.523,50497.664,
619,714.2788581161765,7.380014,,,,,,,,,,,78651.06,1523650.1,86538.93,48971.46,
620,356.35181853836855,7.383523,,,,,,,,,,,72164.13,19639.04,95765.13,100326.18,
621,754.3474997317247,7.4259496,,,,,,,,,,,32400.383,0,48005.04,60259.414,
622,464.282603947021,7.419471,,,,,,,,,,,265016.53,25973.229,119.00951,213.69794,
623,500.30165678801933,7.3514752,,,,,,,,,,,113902.336,10917.183,166.8899,164.95009,
625,683.2744365655496,7.516775,,,,,,,,,,,39359.17,834.8122,118818.6,67085.87,
626,700.3024115185607,7.473866,,,,,,,,,,,131619.6,7099.5703,374921.5,215154.03,
627,728.3335876544197,7.5600677,,,,,,,,,,,18778.51,3232.2559,60259.094,32371.771,
629,460.269949760453,7.5023904,,,,,,,,,,,142517.28,100307.94,91915.29,95211.64,
632,437.16984791117045,7.6249433,,,,,,,,,,,27104.889,16709.02,23968.762,23296.873,
633,361.2345516936193,7.5636578,,,,,,,,,,,34246.582,44532.44,56250.523,154516.08,
634,669.2971412186499,7.646515,,,,,,,,,,,5896.3125,70.36159,9741.478,34220.98,
635,686.3215691506606,7.67102,,,,,,,,,,,14878.089,0,25284.717,88702.92,
636,714.3558084798086,7.664564,,,,,,,,,,,7410.3926,65.94655,14189.8955,52020.113,
637,726.3329213867544,7.6897964,,,,,,,,,,,55230.176,54887.594,62675.957,44929.49,
638,682.3066863498161,7.704249,,,,,,,,,,,86053.0,80896.92,69659.04,69787.61,
639,506.2021576726795,7.707859,,,,,,,,,,,454591.38,529257.56,503448.44,519550.56,
640,511.1573736729276,7.707859,,,,,,,,,,,105212.51,71265.375,105933.734,76039.0,
641,415.1880060158457,7.581635,,,,,,,,,,,103614.89,89886.24,100640.766,94710.15,
642,460.2457446326313,7.578036,,,,,,,,,,,136303.56,120954.77,135125.16,130468.72,
643,385.23478312479017,7.7186165,,,,,,,,,,,12519.8955,21162.498,110484.17,86365.42,
644,425.19407934555215,7.7618456,,,,,,,,,,,20447.756,49519.496,24862.01,19656.402,
645,358.36767353017274,7.772642,,,,,,,,,,,391723.94,146851.45,735437.4,1263965.9,
646,402.39386556800036,7.7978516,,,,,,,,,,,15769.974,4653.6763,24850.855,25818.988,
647,374.36255177565977,7.833964,,,,,,,,,,,33452.42,13358.472,30908.775,66710.56,
648,714.238829788223,7.8628197,,,,,,,,,,,511584.72,535660.44,513478.72,455449.47,
649,742.2699631278863,7.8628197,,,,,,,,,,,138794.45,177550.61,149694.19,196486.64,
650,752.3318765192843,7.8631835,,,,,,,,,,,5488.729,0,49255.098,26427.016,
651,719.1940343514506,7.8700385,,,,,,,,,,,213335.45,155069.2,210798.92,192530.31,
652,386.3625036964948,7.9025536,,,,,,,,,,,37585.72,33892.992,33443.742,34573.75,
653,698.2971867948875,7.8592777,,,,,,,,,,,28733.693,10299.649,16566.715,17588.828,
654,570.2562639952598,8.039265,,,,,,,,,,,6971.997,3444.7424,31100.611,123386.35,
656,385.2734089842644,7.9781857,,,,,,,,,,,40109.56,16131.933,167219.31,448675.16,
657,478.2924826286071,8.010287,,,,,,,,,,,43515.836,25972.115,94199.8,182844.2,
658,502.29243985913064,8.049841,,,,,,,,,,,187239.08,55457.246,227471.19,861821.6,
659,580.2747703738362,8.013876,,,,,,,,,,,315379.1,284428.2,321325.9,296668.22,
660,361.2731061334863,8.013876,,,,,,,,,,,32387.762,8361.506,38739.11,159579.06,
661,524.2744562935924,8.013876,,,,,,,,,,,30982.588,7747.978,37073.703,127049.0,
663,443.1825776818471,8.053269,,,,,,,,,,,398028.12,373399.53,333744.2,391875.38,
664,465.1643787033722,8.053269,,,,,,,,,,,175703.9,159496.03,169838.3,120771.836,
665,488.24112801389185,8.053269,,,,,,,,,,,559142.56,689584.0,699737.06,607018.6,
666,460.20900913371656,8.056864,,,,,,,,,,,94304.625,85664.44,81130.414,73285.35,
667,387.1198167183303,8.056864,,,,,,,,,,,95768.914,78902.97,80517.016,80236.5,
668,548.2743748957897,8.039321,,,,,,,,,,,29601.404,12154.101,130978.02,558867.75,
669,526.2927686852017,8.071666,,,,,,,,,,,246907.31,113603.91,1039245.8,2159319.2,
674,590.3210170935843,8.218379,,,,,,,,,,,6348.5957,821.81274,32641.69,36545.875,
675,387.2882957695509,8.203941,,,,,,,,,,,11145.874,1401.4357,3776.7007,39765.895,
678,520.3395940916398,8.3193865,,,,,,,,,,,126421.0,180254.58,283242.97,285654.5,
679,437.37349127434425,8.330214,,,,,,,,,,,9291.499,22189.578,109749.4,23309.346,
680,459.3551870241781,8.330214,,,,,,,,,,,7934.563,15044.014,81470.35,15622.349,
681,528.3035063977006,8.153511,,,,,,,,,,,48854.45,6326.7856,53496.664,191264.23,
682,594.1600953207382,8.340994,,,,,,,,,,,19556.615,5097.2407,32859.605,42293.2,
683,546.3507200410282,8.344669,,,,,,,,,,,190043.6,19818.926,62617.613,18149.72,
684,608.306086172528,8.359062,,,,,,,,,,,137803.38,150073.95,144919.31,145767.58,
685,568.339701554147,8.214772,,,,,,,,,,,67000.09,14055.274,310443.3,344140.22,
686,524.3709425989108,8.377145,,,,,,,,,,,1782957.6,230743.25,634148.25,405496.53,
687,544.339623042699,8.26894,,,,,,,,,,,151082.8,41484.7,152731.48,342189.2,
688,616.4627884576919,8.467406,,,,,,,,,,,58227.547,82331.04,85447.0,103191.57,
689,520.3394765395335,8.55035,,,,,,,,,,,89961.24,111134.984,159163.17,114891.875,
690,454.292377232524,8.575614,,,,,,,,,,,92781.92,50069.305,182240.64,26147.188,
691,383.2035052390272,8.590029,,,,,,,,,,,81560.34,87437.92,82940.36,95527.42,
692,712.3402673216854,8.607942,,,,,,,,,,,25899.938,112.81157,69604.4,58775.15,
693,689.2611525705704,8.647594,,,,,,,,,,,26895.61,687.5635,70053.16,60904.996,
694,762.2752406766574,8.651221,,,,,,,,,,,80031.34,167171.58,123929.35,129044.555,
695,667.278761521824,8.647594,,,,,,,,,,,92841.06,1760.2268,238662.3,200536.34,
696,684.3056965817932,8.647594,,,,,,,,,,,242911.27,5641.17,611488.25,525258.8,
698,675.2815138191185,8.82223,,,,,,,,,,,38980.35,0,43804.38,137314.73,
699,653.2996882736988,8.82223,,,,,,,,,,,146038.8,0,161463.81,455801.1,
700,670.321477252118,8.794936,,,,,,,,,,,251296.12,546.59906,282575.06,810611.44,
701,698.3575526643402,8.82223,,,,,,,,,,,208442.25,0,251705.12,768961.7,
702,786.2019272634496,8.930706,,,,,,,,,,,46942.465,13005.658,76476.46,122422.95,
704,678.477959163127,9.020138,,,,,,,,,,,32394.225,43494.88,41210.242,144849.22,
705,634.4518963589683,9.030844,,,,,,,,,,,40858.83,37618.707,43357.0,124085.51,
706,668.3103893326098,9.108151,,,,,,,,,,,86703.9,0,136427.36,207020.75,
707,696.3415788982035,9.108151,,,,,,,,,,,111919.266,0,193309.11,309824.75,
708,350.2659025218781,9.158298,,,,,,,,,,,298232.78,207772.84,166428.08,195501.28,
710,892.6187299133403,9.218282,,,,,,,,,,,440797.8,394463.6,366298.44,384419.2,
711,776.5717931979448,9.202032,,,,,,,,,,,1557443.4,1244194.1,1191175.1,1260832.4,
712,820.5978712642575,9.202032,,,,,,,,,,,816684.7,669870.75,620731.8,805253.5,
713,688.5197565177118,9.221814,,,,,,,,,,,3824016.2,4061099.0,2860248.2,3073242.8,
714,732.5457742917936,9.221814,,,,,,,,,,,2588204.8,2100226.8,1930154.8,2101446.5,
715,644.4936124273197,9.228556,,,,,,,,,,,5054090.5,5419059.0,4891650.5,4088099.5,
716,758.5684363625298,9.271599,,,,,,,,,,,108640.72,209977.64,3365373.5,7998779.5,
717,600.4675262247544,9.241638,,,,,,,,,,,5977321.5,6371526.5,5732586.0,4800580.0,
718,556.4414641902192,9.2449665,,,,,,,,,,,6023943.5,6493896.5,5816129.5,5645347.5,
719,848.5927133548555,9.248392,,,,,,,,,,,645301.94,653393.9,766347.94,627974.6,
720,512.4153411888936,9.255129,,,,,,,,,,,4855220.0,5223591.5,4644846.0,5213199.5,
721,806.5700155633585,9.278412,,,,,,,,,,,179056.8,1.0471882E7,155872.3,235114.02,
722,810.5985233069343,9.311747,,,,,,,,,,,1413051.2,274396.7,759499.8,100390.17,
723,424.36254823981426,9.251707,,,,,,,,,,,945856.6,875870.6,811349.3,1035469.4,
724,468.3890304402561,9.25506,,,,,,,,,,,2451385.0,2688133.0,2329381.2,2629636.0,
725,804.5670036279382,9.2619,,,,,,,,,,,1046820.1,595082.44,1008703.06,785482.06,
726,760.540738196539,9.271624,,,,,,,,,,,1044237.4,1351935.4,947475.5,974746.3,
727,496.3394324762604,9.325284,,,,,,,,,,,326912.4,161742.8,630490.9,170628.62,
728,716.5147848105307,9.298328,,,,,,,,,,,1318506.9,2025374.4,1097205.9,1243135.9,
729,672.4885803556355,9.311777,,,,,,,,,,,1455909.9,2113001.5,1181453.5,1369388.2,
730,628.4623792699759,9.328638,,,,,,,,,,,1881835.4,1626992.4,1827107.5,1717732.5,
731,584.4364155101443,9.358876,,,,,,,,,,,1854374.9,2444180.0,1374953.2,2047043.0,
732,540.4102779177838,9.3792515,,,,,,,,,,,1666433.9,1515332.8,1300635.5,1841115.9,
733,496.38379268124805,9.4,,,,,,,,,,,1290900.4,1184241.2,1153414.4,1455417.4,
734,452.3575512942959,9.427359,,,,,,,,,,,729240.44,658474.8,557084.9,880868.44,
735,834.6138995276241,9.55448,,,,,,,,,,,990357.6,1493812.6,935906.7,1257285.1,
736,790.5875338815375,9.586945,,,,,,,,,,,1933617.6,3077867.5,1925882.2,2429401.5,
737,575.4122733255782,9.632224,,,,,,,,,,,749781.44,136842.36,130088.25,258802.17,
738,746.5615846311549,9.590263,,,,,,,,,,,3555701.2,6221727.0,3221744.8,5877877.0,
739,702.5354729418059,9.603264,,,,,,,,,,,4897688.0,7641866.0,4861290.5,8328753.0,
740,764.5196677699303,9.674192,,,,,,,,,,,1713209.2,909.4868,161207.4,16347.334,
741,658.5093941965898,9.616238,,,,,,,,,,,6585486.5,1.0429203E7,7304379.0,1.2560464E7,
742,614.4833645002409,9.651047,,,,,,,,,,,7853855.5,1.6021022E7,7936183.5,1.22104E7,
743,526.4311256110824,9.6448345,,,,,,,,,,,7272230.5,1.4889472E7,7280722.5,1.3775325E7,
744,570.4572318247745,9.651047,,,,,,,,,,,8323030.0,1.7243362E7,9464488.0,1.3105008E7,
745,394.35223788691826,9.6511,,,,,,,,,,,666456.25,1199894.4,777312.06,835820.7,
746,571.4604602910772,9.628851,,,,,,,,,,,2732582.0,3317535.8,1859149.6,3308181.8,
747,482.4047836477085,9.657579,,,,,,,,,,,4043197.0,8963505.0,5569074.5,7983012.5,
748,438.3784550265752,9.657579,,,,,,,,,,,1471668.9,3252440.5,1617723.4,2666559.0,
749,443.3336857677612,9.657608,,,,,,,,,,,861976.9,592599.7,542632.3,541250.0,
750,487.3600349872854,9.737318,,,,,,,,,,,298636.56,54340.438,465119.84,491825.03,
751,637.304763709655,9.680381,,,,,,,,,,,626763.6,769173.3,866793.1,2105397.8,
752,682.3625285572508,9.680381,,,,,,,,,,,931767.0,1288748.4,1258665.6,3161062.8,
753,654.331333748267,9.680381,,,,,,,,,,,294610.72,312915.5,399611.72,941080.7,
754,659.2862636430567,9.68333,,,,,,,,,,,134676.62,172766.36,129617.05,536718.75,
755,780.551515224691,9.784168,,,,,,,,,,,175749.75,90025.055,289910.78,3812132.5,
756,782.5677288306629,9.803936,,,,,,,,,,,150373.73,4093159.0,52063.914,5100090.5,
757,784.5806813612894,9.810908,,,,,,,,,,,21570.387,545989.5,93067.695,2819615.8,
758,758.568694623216,9.814285,,,,,,,,,,,85407.086,177430.55,646048.9,2.7228588E7,
759,804.5595303234516,9.709822,,,,,,,,,,,126187.234,1146543.1,186994.44,175829.03,
760,531.386473345789,9.778263,,,,,,,,,,,249278.89,179496.55,550471.8,357503.4,
761,619.4387991114504,9.778263,,,,,,,,,,,282652.75,138372.7,457669.62,229283.17,
763,575.4125873875884,9.778263,,,,,,,,,,,266012.28,213777.19,512703.75,354160.78,
764,406.32878504703046,9.824405,,,,,,,,,,,540789.75,1767760.1,837851.4,2650486.0,
765,663.4598864283647,9.778263,,,,,,,,,,,180197.17,107679.17,317405.62,244805.67,
766,716.551271535991,9.924816,,,,,,,,,,,3296500.8,5084637.5,3266075.5,4616210.5,
767,804.6033625063346,9.937902,,,,,,,,,,,1026484.94,1193331.0,1201759.9,1605238.5,
768,760.5775898799172,9.93536,,,,,,,,,,,2068322.0,3440467.2,2482206.8,2915785.5,
769,628.4991844714149,9.950857,,,,,,,,,,,6159608.0,8684787.0,6950444.5,8786031.0,
770,672.5252332539781,9.964529,,,,,,,,,,,4941278.5,6806411.5,5396990.0,6095651.5,
771,584.4730113374263,9.970862,,,,,,,,,,,7320521.0,9268533.0,7278208.5,9762321.0,
772,540.4468487117412,9.970862,,,,,,,,,,,6942895.5,9410570.0,6133048.5,9086740.0,
773,556.4416771837755,9.921789,,,,,,,,,,,588146.75,1459342.5,626415.7,1331291.4,
774,570.4573932119786,9.830624,,,,,,,,,,,1788167.1,4044318.2,1666254.4,3686583.0,
775,614.4835737020043,9.830624,,,,,,,,,,,1618116.0,3689180.8,3214894.2,3455821.8,
776,658.5096182340768,9.830624,,,,,,,,,,,1298071.4,2957939.2,2592582.8,2784296.0,
777,702.5357302580326,9.830624,,,,,,,,,,,928063.9,2145049.0,887484.1,817645.44,
778,496.42057974725,9.984179,,,,,,,,,,,4696555.0,5742324.5,4809502.0,5969135.5,
779,452.39423883978975,9.984179,,,,,,,,,,,1844463.5,2318616.8,1740068.6,2359531.2,
780,784.5807775281979,10.190275,,,,,,,,,,,24813.562,616083.2,118811.47,580183.0,
781,832.5820186556515,10.1937,,,,,,,,,,,180833.7,422212.62,566618.06,68389.41,
782,810.5992272138024,10.197208,,,,,,,,,,,408041.44,362872.53,1039328.4,128648.914,
783,782.5674114303561,10.1937,,,,,,,,,,,232298.0,4878839.5,61691.656,1249450.6,
784,806.5682194600126,10.197208,,,,,,,,,,,45373.97,2841606.2,92792.95,531857.75,
785,808.582915317096,10.197208,,,,,,,,,,,46367.215,1079413.6,51569.668,506801.38,
786,828.5509409277345,10.1937,,,,,,,,,,,18109.717,1157910.5,12678.35,95446.29,
787,758.5688651026462,10.1937,,,,,,,,,,,72782.21,224450.58,510780.7,6108783.5,
788,804.5587763087411,10.124809,,,,,,,,,,,56345.645,3612609.5,92062.88,477620.25,
789,780.5518777437085,10.197208,,,,,,,,,,,192941.72,202609.42,392076.03,3301988.8,
790,406.32914206790304,10.288772,,,,,,,,,,,7259228.5,2.079095E7,7151411.0,1.3931698E7,
791,789.6688273727215,10.285637,,,,,,,,,,,203182.95,468144.2,194439.55,443419.66,
792,429.4049720437879,10.285637,,,,,,,,,,,519748.47,1901207.8,524811.7,1469350.2,
793,384.3470125545144,10.295694,,,,,,,,,,,2439122.5,4863023.5,2586301.0,4860549.0,
796,780.5522386331725,10.542975,,,,,,,,,,,172267.28,71402.55,199081.67,1779664.2,
797,784.5812998508142,10.549992,,,,,,,,,,,15933.743,685100.5,95664.42,775208.1,
798,810.5997885379927,10.553452,,,,,,,,,,,321672.34,307934.34,872279.6,133867.14,
799,758.5692268142212,10.511799,,,,,,,,,,,82576.23,201998.0,620085.06,4760289.5,
800,434.3604610801378,11.063167,,,,,,,,,,,260246.55,572313.5,276621.12,565357.5,
801,782.567771588161,11.076963,,,,,,,,,,,245999.11,1.7847128E7,95573.59,1048896.5,
802,872.5420093693206,11.080588,,,,,,,,,,,2570.6816,886198.7,1086.9353,47506.38,
804,406.32911486254545,11.076909,,,,,,,,,,,1607386.8,2747165.2,1632858.5,3628961.0,
805,828.5516167866555,11.0840025,,,,,,,,,,,29244.787,1038962.3,24255.299,111850.41,
806,780.5521780161492,11.083948,,,,,,,,,,,207976.8,217130.73,524639.44,4614036.5,
807,784.5809500011937,11.0840025,,,,,,,,,,,31877.424,1122995.5,95588.11,691060.9,
808,804.5578051622902,11.115841,,,,,,,,,,,120847.16,8196256.5,101937.98,672326.2,
809,810.5995304459384,11.0734215,,,,,,,,,,,343416.28,428962.5,1696645.8,165751.16,
810,832.5825167680358,11.0734215,,,,,,,,,,,227383.84,454749.8,1055148.2,108183.51,
811,808.583381350991,11.080451,,,,,,,,,,,64101.168,1939919.2,62405.844,541044.9,
812,806.5681436695843,11.076909,,,,,,,,,,,79088.15,1765580.5,126374.164,757118.75,
813,758.5695376755684,11.083911,,,,,,,,,,,78655.625,243230.31,331081.2,3400368.5,
814,719.194676631711,11.083948,,,,,,,,,,,388537.25,689855.3,330839.66,671574.9,
815,610.184259848318,11.577211,,,,,,,,,,,2080860.0,3794226.8,553025.3,3747300.2,
816,607.3825421647919,11.605472,,,,,,,,,,,70122.305,40293.68,162583.61,307414.0,
