id,mz,rt,rtmin,rtmax,mean_inten,DPT-D-60m,DPT-H-60m,DPT-M-60m,DPT-R-60m
119,630.88273,3.0698,3.0103,3.1373,86830.0,1028.0,3287.0,34.6,
120,468.23079,3.0134,2.8609,3.1146,96200.0,36.8,3144.0,,46.32
121,585.37577,3.0856,2.9169,3.2568,395000.0,18130.0,10770.0,758.6,9948.0
123,541.34833,3.1355,3.0744,3.252,126400.0,3503.0,5934.0,433.1,1738.0
124,760.88157,3.1628,3.1191,3.2584,165000.0,461.8,6609.0,54.2,79.06
125,487.30662,3.2134,3.1902,3.2801,75720.0,292.9,2648.0,,
126,611.31848,3.2634,3.1065,3.3875,62310.0,2340.0,492.7,49.43,
127,608.82191,3.266,3.1647,3.3963,131900.0,4364.0,230.0,34.33,42.63
129,786.16589,3.3566,3.2137,3.9747,251800.0,53750.0,39990.0,30080.0,23230.0
130,875.5445,3.364,3.3343,3.4359,177000.0,5830.0,1853.0,,
135,551.30093,3.525,3.3753,3.606,82650.0,298.2,2987.0,284.6,327.9
138,457.11267,3.4365,3.3963,3.7461,309200.0,7169.0,19630.0,4461.0,2924.0
139,500.31525,3.4517,3.3147,3.586,79560.0,3236.0,126.7,55.19,
140,926.95125,3.5217,3.4214,3.6187,186900.0,6775.0,2305.0,146.1,65.96
144,471.35509,3.5015,3.4534,3.6473,76970.0,2812.0,2762.0,3260.0,3363.0
145,640.83774,3.3928,3.3168,3.5589,135700.0,5253.0,39.06,28.21,
148,416.28615,3.525,3.4742,3.7948,917300.0,34570.0,28190.0,39600.0,38040.0
150,766.40422,3.5147,3.3984,3.5951,82050.0,2807.0,113.3,116.1,53.93
151,447.28609,3.525,3.4598,3.8258,160100.0,14830.0,12460.0,16880.0,16620.0
152,520.80448,3.5506,3.5004,3.6685,199500.0,622.4,8701.0,,
154,402.23439,3.5738,3.5211,3.9747,1009000.0,38790.0,38010.0,43540.0,45660.0
155,430.26505,3.5738,3.4937,3.8419,565500.0,21980.0,23620.0,29290.0,28620.0
157,953.37037,3.6586,3.5337,3.7461,121700.0,4965.0,76.24,171.1,
159,421.16866,3.6293,3.5591,3.8236,107300.0,3996.0,4931.0,4500.0,3908.0
160,416.21346,3.6293,3.5337,3.8419,202500.0,7755.0,9132.0,9158.0,9982.0
162,414.23375,3.6401,3.5591,3.797,219400.0,9003.0,8046.0,12980.0,10670.0
164,415.25444,3.6648,3.6271,3.8275,1234000.0,49670.0,42350.0,55490.0,52990.0
165,432.28127,3.6648,3.6131,4.0582,5707000.0,243400.0,214100.0,272600.0,261000.0
166,460.31223,3.6648,3.6131,3.9646,1002000.0,42650.0,35670.0,46150.0,43250.0
167,437.2364,3.6684,3.6131,3.797,121700.0,5263.0,4018.0,6354.0,4768.0
168,529.40228,3.7061,3.6204,3.8258,158800.0,37.05,6435.0,63.65,
169,563.2974,3.6829,3.5591,4.0712,205900.0,20310.0,19220.0,24770.0,23270.0
170,475.28116,3.7018,3.5916,4.0437,649600.0,72010.0,66500.0,82160.0,84810.0
172,429.23392,3.7149,3.6564,3.8997,159600.0,5965.0,5291.0,6374.0,6789.0
173,446.2606,3.7149,3.6776,3.7699,1038000.0,30950.0,30900.0,37530.0,37710.0
174,460.2398,3.7676,3.6908,3.9557,236600.0,8619.0,9450.0,9838.0,11150.0
175,460.28457,3.7812,3.7411,3.8419,285700.0,8248.0,7147.0,8499.0,8913.0
176,458.26027,3.7812,3.7122,3.8709,249200.0,8928.0,8595.0,9366.0,11300.0
177,459.28063,3.7812,3.7411,3.9934,1319000.0,50110.0,41110.0,49530.0,53090.0
178,476.30756,3.7812,3.7411,4.2723,7034000.0,292100.0,255200.0,302100.0,313700.0
179,504.33864,3.7812,3.7411,3.9934,1026000.0,35740.0,32370.0,37350.0,39640.0
180,430.22582,3.7812,3.6187,3.9502,156500.0,8904.0,11060.0,6404.0,14540.0
183,881.49841,3.8424,3.7537,3.9717,190100.0,227.0,183.0,14030.0,151.0
187,400.25477,3.8244,3.7555,4.2092,3536000.0,158700.0,151300.0,151100.0,172300.0
188,490.28672,3.8388,3.7537,4.2048,975200.0,45630.0,42130.0,44540.0,47210.0
189,518.31801,3.8388,3.7918,3.9269,304400.0,10400.0,9468.0,10590.0,11280.0
190,503.27608,3.8388,3.7555,4.2023,1311000.0,112100.0,110700.0,120700.0,133100.0
191,473.25989,3.8388,3.763,3.9861,121200.0,4272.0,3838.0,4450.0,4938.0
194,931.58288,3.9208,3.8131,4.0437,195200.0,105.6,,272.3,11210.0
197,414.23204,3.8812,3.7196,4.0278,285800.0,16020.0,13620.0,15820.0,17960.0
199,520.33409,3.8956,3.8495,4.4318,5949000.0,266200.0,229100.0,273800.0,288700.0
200,548.36509,3.8956,3.8495,4.0567,601200.0,23050.0,19660.0,24890.0,25140.0
201,734.85956,3.9704,3.8782,4.0856,107000.0,4139.0,113.4,116.7,46.73
202,474.2552,3.91,3.8632,3.9573,168100.0,6256.0,6575.0,7364.0,7676.0
203,503.3074,3.8956,3.8495,4.2189,632100.0,21260.0,52020.0,19310.0,19890.0
204,414.27022,3.9307,3.8113,4.0422,100800.0,3574.0,3436.0,8893.0,6796.0
205,562.34398,3.9451,3.8782,4.051,127600.0,4406.0,3779.0,4524.0,4865.0
206,534.31302,3.9451,3.8639,4.305,812500.0,33250.0,34830.0,34710.0,36240.0
211,416.24963,3.9667,3.9064,4.4606,19000000.0,958500.0,863200.0,968600.0,1026000.0
212,591.29222,3.8821,3.7537,4.2023,267500.0,19950.0,19720.0,21440.0,23020.0
213,444.28095,3.9667,3.9064,4.3482,2942000.0,125700.0,132500.0,144100.0,132200.0
214,421.20476,3.9703,3.9215,4.123,393000.0,18940.0,15200.0,18930.0,17870.0
215,564.36016,3.9955,3.9429,4.5173,4974000.0,218300.0,186500.0,229800.0,239800.0
216,592.39111,3.9955,3.9502,4.1,382600.0,14080.0,12410.0,15680.0,14220.0
217,547.33345,3.9955,3.9429,4.1863,337300.0,13090.0,11160.0,13570.0,13890.0
219,548.29212,3.9991,3.9285,4.2453,174800.0,7159.0,6467.0,7234.0,9064.0
221,419.15842,4.082,3.9603,4.1619,144800.0,1813.0,5871.0,1267.0,462.5
222,464.22855,4.0603,3.9603,4.2189,771800.0,680.1,34850.0,665.9,757.5
223,416.28589,4.1648,4.0898,4.4379,176600.0,17310.0,13220.0,8550.0,17120.0
225,531.2712,4.0207,3.9064,4.3174,1146000.0,61050.0,63880.0,68890.0,78490.0
226,518.28161,4.0243,3.907,4.123,176700.0,9196.0,6086.0,9632.0,8232.0
227,430.22918,4.0279,3.9702,4.1879,895600.0,34420.0,33480.0,38600.0,41160.0
229,458.25954,4.0315,3.9502,4.2867,299700.0,15930.0,12910.0,17360.0,16050.0
231,749.51741,4.082,3.9747,4.1807,209000.0,126.4,8829.0,126.9,141.8
232,578.33936,4.0423,3.9747,4.2619,570000.0,18870.0,21080.0,18690.0,19810.0
236,591.3596,4.0856,4.0366,4.2092,218800.0,7431.0,5969.0,7182.0,7004.0
237,901.94066,4.1642,4.0134,4.229,368500.0,,222.8,26990.0,240.7
238,608.38613,4.0856,4.0323,4.5373,4168000.0,174400.0,139800.0,173600.0,166800.0
239,636.41725,4.0856,4.0467,4.1519,235800.0,8275.0,7003.0,7696.0,7745.0
241,415.2542,4.0891,4.0467,4.2579,845200.0,37890.0,29630.0,38080.0,38280.0
242,443.24929,4.0891,4.0366,4.3749,2424000.0,112600.0,97320.0,118000.0,121400.0
243,460.2759,4.0891,4.0323,4.7614,24890000.0,1212000.0,1122000.0,1257000.0,1350000.0
244,465.23128,4.0928,4.0467,4.252,377900.0,17570.0,14920.0,17300.0,16130.0
245,488.30731,4.0928,4.0366,4.4331,2578000.0,116300.0,110900.0,128300.0,128400.0
246,463.2838,4.0928,4.0422,4.2166,145300.0,5728.0,5050.0,6448.0,6303.0
248,460.31055,4.1035,3.9124,4.229,196100.0,13110.0,12940.0,16110.0,13720.0
251,622.36565,4.136,4.0754,4.2331,362200.0,12860.0,13130.0,14630.0,15080.0
252,551.33667,4.3046,4.252,4.4606,224100.0,8320.0,7238.0,9003.0,9717.0
253,619.28727,4.1432,4.0278,4.2435,277400.0,13900.0,21460.0,24550.0,26100.0
255,474.25536,4.1576,4.1015,4.3338,1183000.0,45520.0,44230.0,51950.0,55240.0
256,502.28654,4.1612,4.1,4.2907,239100.0,7360.0,9346.0,10580.0,11390.0
259,652.41255,4.1685,4.1187,4.458,2456000.0,106100.0,86630.0,113700.0,114100.0
260,448.23352,4.1828,4.1086,4.4156,497500.0,19020.0,15640.0,51020.0,47800.0
263,487.27555,4.2042,4.1519,4.495,1949000.0,82330.0,71510.0,88440.0,93020.0
264,504.30215,4.2042,4.1432,4.8095,28100000.0,1381000.0,1232000.0,1479000.0,1532000.0
265,532.33332,4.2042,4.1432,4.4475,2227000.0,92300.0,85970.0,100500.0,109400.0
266,509.25744,4.2078,4.1619,4.3383,345300.0,15760.0,13580.0,15650.0,16650.0
267,507.31038,4.2042,4.1519,4.3527,223400.0,9052.0,7261.0,9306.0,9356.0
268,504.34023,4.2114,4.1664,4.3174,213700.0,8703.0,7143.0,10180.0,10060.0
269,420.2385,4.0315,3.9846,4.1619,225300.0,8802.0,7756.0,8919.0,8697.0
270,666.39114,4.2184,4.1432,4.3318,319700.0,10080.0,9712.0,11440.0,13740.0
276,619.32331,4.2363,4.0278,4.5184,246000.0,19090.0,20450.0,22350.0,24850.0
277,696.43842,4.2435,4.1951,4.4462,1177000.0,46900.0,35080.0,46820.0,46120.0
278,531.30486,4.2759,4.1187,4.6036,1165000.0,97010.0,87340.0,100300.0,111700.0
279,518.28161,4.2687,4.2148,4.4318,1123000.0,47440.0,45960.0,52970.0,58150.0
281,435.22055,4.2867,4.0941,4.5085,246500.0,18070.0,16340.0,16430.0,16800.0
283,548.32868,4.3046,4.2435,4.9101,25020000.0,1193000.0,1046000.0,1154000.0,1254000.0
285,503.3079,4.3046,4.2166,4.381,177400.0,8053.0,5813.0,6450.0,9050.0
286,553.28351,4.3082,4.2664,4.4379,290700.0,13430.0,11660.0,12080.0,14270.0
287,576.35963,4.3082,4.2007,4.5427,1641000.0,70210.0,61330.0,64900.0,74900.0
288,414.27024,4.1216,4.0323,4.2723,135100.0,9767.0,6777.0,12220.0,6263.0
289,443.28546,4.3191,4.2166,4.6329,485500.0,35230.0,34330.0,36000.0,39790.0
290,460.3117,4.3155,4.2023,4.6,307000.0,35050.0,31350.0,35150.0,37920.0
291,740.46466,4.3191,4.2619,4.4894,221100.0,9490.0,5717.0,7576.0,8356.0
292,622.30061,4.3263,4.2579,4.4619,608400.0,1087.0,25580.0,9003.0,1011.0
293,481.18494,4.3263,4.2619,4.4904,328700.0,1411.0,15000.0,6213.0,4137.0
294,559.30203,4.3479,4.2597,4.5317,594700.0,25560.0,26960.0,25630.0,31090.0
295,432.28966,4.4048,4.1619,4.5517,382600.0,4757.0,16760.0,6160.0,19600.0
296,562.30763,4.3729,4.3155,4.5427,1122000.0,48670.0,49480.0,50420.0,54290.0
298,405.17317,4.3799,4.2951,4.5661,1201000.0,55180.0,41250.0,41020.0,52630.0
300,400.21813,4.3799,4.3299,4.5173,42030000.0,1912000.0,1970000.0,1667000.0,2105000.0
301,428.24938,4.3799,4.3095,4.7234,5630000.0,241400.0,249000.0,212800.0,232200.0
302,562.34373,4.5006,4.2664,4.5761,288500.0,18640.0,20880.0,6083.0,8662.0
304,575.32794,4.3976,4.3383,4.6036,685300.0,29380.0,26700.0,27540.0,29870.0
305,592.35466,4.3976,4.3383,4.867,20280000.0,961000.0,889800.0,862200.0,974700.0
306,620.38563,4.3976,4.3155,4.614,1068000.0,47870.0,43510.0,44190.0,45940.0
307,476.22825,4.4048,4.3462,4.4751,755400.0,26630.0,23200.0,19210.0,28330.0
308,597.30955,4.3976,4.3383,4.5461,249700.0,10520.0,10850.0,10330.0,10920.0
309,532.3696,4.4155,4.3194,4.6185,237000.0,16230.0,15480.0,14970.0,16650.0
311,487.31164,4.419,4.3029,4.824,697900.0,52120.0,48330.0,41750.0,52100.0
312,504.33825,4.419,4.2907,4.7666,519500.0,54470.0,51580.0,46510.0,55390.0
313,647.31832,4.4259,4.3625,4.5473,247400.0,10620.0,12340.0,9940.0,11790.0
314,448.26888,4.4402,4.3891,4.575,258500.0,8817.0,7874.0,8004.0,9686.0
316,950.37434,4.508,4.4014,4.5805,173200.0,266.4,345.6,7880.0,694.9
317,843.1403,4.515,4.4035,4.7039,286400.0,216.0,220.9,1039.0,30540.0
318,606.3338,4.4618,4.4048,4.6473,864900.0,37870.0,40730.0,36660.0,41870.0
319,418.25105,4.5472,4.4048,4.6464,291500.0,201.5,11790.0,307.4,309.8
320,434.31171,4.4654,4.3891,4.6329,752200.0,4184.0,27870.0,2522.0,10400.0
321,574.30724,4.4868,4.2376,4.6519,349300.0,22270.0,4162.0,2688.0,2524.0
322,619.35394,4.4833,4.3905,4.7091,436400.0,19290.0,16920.0,17790.0,19150.0
323,636.38074,4.4833,4.4192,5.0396,15150000.0,724200.0,677400.0,652000.0,722200.0
324,664.41172,4.4833,4.3951,4.6905,595500.0,24860.0,28170.0,28770.0,28290.0
325,606.37005,4.6723,4.5517,4.8812,393800.0,43590.0,37530.0,37760.0,40100.0
329,427.21774,4.5042,4.4437,4.7091,597600.0,25100.0,26130.0,24070.0,26290.0
330,444.24436,4.5042,4.4523,4.632,56490000.0,2407000.0,2516000.0,2378000.0,2600000.0
331,472.27557,4.5042,4.4379,4.8095,4273000.0,158800.0,169100.0,159700.0,175200.0
332,531.33787,4.5042,4.4048,4.8044,838800.0,44310.0,45010.0,40790.0,46390.0
333,576.39543,4.5042,4.4178,4.7187,334300.0,15890.0,17690.0,16150.0,18130.0
334,449.19926,4.5042,4.3891,4.6896,896200.0,28780.0,28060.0,25960.0,39770.0
335,548.36398,4.5076,4.381,4.819,931700.0,80520.0,80200.0,74690.0,86090.0
336,650.36029,4.5433,4.4894,4.7187,827900.0,33500.0,36840.0,34150.0,37410.0
337,680.40728,4.5578,4.4904,4.9628,7497000.0,370300.0,288900.0,323900.0,326900.0
339,460.73542,4.5151,4.4192,4.7,282500.0,84.94,973.3,15340.0,5281.0
341,575.36453,4.5866,4.495,4.9052,541100.0,31010.0,33010.0,30990.0,34560.0
342,562.34401,4.5972,4.4606,4.7091,316700.0,31740.0,31510.0,28740.0,33360.0
343,448.23333,4.4546,4.1331,4.5282,942100.0,94020.0,75940.0,37290.0,44200.0
344,476.2643,4.5901,4.5328,4.7901,641600.0,38190.0,33490.0,34920.0,37420.0
345,592.39072,4.6007,4.4865,4.9245,1264000.0,111600.0,110700.0,107200.0,118100.0
347,491.27855,4.6113,4.5461,4.7901,392100.0,16290.0,17570.0,15600.0,18950.0
348,476.22846,4.6078,4.5427,4.9002,4575000.0,624800.0,583600.0,569900.0,573700.0
349,493.22577,4.6113,4.5606,4.8044,539000.0,24170.0,23720.0,20860.0,30610.0
350,650.39614,4.7116,4.4293,4.8095,336600.0,32850.0,28520.0,13490.0,30420.0
351,443.24903,4.6148,4.5517,4.7469,759200.0,37070.0,36740.0,35790.0,40050.0
352,471.24396,4.6148,4.5517,4.8334,543900.0,25650.0,27210.0,23710.0,26710.0
353,488.27075,4.6148,4.5606,4.7283,56590000.0,2536000.0,2674000.0,2534000.0,2719000.0
354,516.30192,4.6148,4.5473,4.9821,2310000.0,111500.0,121100.0,103700.0,111800.0
355,694.38624,4.6183,4.5661,4.7717,518100.0,24040.0,21220.0,23800.0,22640.0
357,724.43304,4.629,4.5661,4.9148,2059000.0,99020.0,71000.0,89830.0,85650.0
358,619.39088,4.6543,4.5761,4.8095,298100.0,18730.0,16060.0,17220.0,15950.0
360,636.417,4.6901,4.5661,4.9965,1290000.0,115400.0,103300.0,106800.0,108200.0
361,576.36061,4.6902,4.5229,4.8764,274600.0,40190.0,40400.0,29480.0,37630.0
362,768.45901,4.6938,4.6185,4.8,337100.0,13350.0,10550.0,11470.0,10320.0
363,481.18462,4.7009,4.6473,4.867,535100.0,22390.0,8769.0,5285.0,14010.0
364,535.30472,4.7079,4.6425,4.8384,439100.0,19320.0,20430.0,16400.0,19190.0
365,515.27029,4.7079,4.6425,4.9245,506500.0,22790.0,23960.0,19980.0,21310.0
366,532.29712,4.7079,4.657,4.819,51100000.0,2191000.0,2395000.0,2160000.0,2165000.0
367,487.27541,4.7115,4.623,4.9196,445700.0,19520.0,22870.0,18800.0,17970.0
368,560.32797,4.7115,4.6374,4.9774,1731000.0,79150.0,85200.0,78370.0,79540.0
369,537.25183,4.7115,4.623,4.8957,456300.0,21860.0,17290.0,16380.0,15910.0
372,416.30072,4.6437,4.5373,4.8621,643700.0,25930.0,10490.0,5426.0,42150.0
373,680.4432,4.733,4.632,5.0007,736200.0,62570.0,50000.0,52210.0,49310.0
375,620.387,4.7582,4.6036,4.9916,411300.0,43360.0,48420.0,36530.0,42740.0
377,681.90986,4.8228,4.7428,4.9863,292800.0,241.8,162.3,18110.0,242.7
378,681.95411,4.8551,4.7428,5.0442,241000.0,479.7,70.68,20750.0,243.5
379,714.27988,4.7943,4.6185,4.963,269600.0,694.8,189.9,23860.0,219.4
381,789.41632,4.8444,4.6905,5.1293,454300.0,777.5,265.4,45360.0,1276.0
382,833.15838,4.8156,4.7283,4.9719,382500.0,670.0,434.5,32350.0,223.9
384,559.29683,4.7975,4.7331,5.0063,460000.0,19270.0,23290.0,19770.0,19830.0
385,576.32345,4.7975,4.7428,4.9052,41390000.0,1608000.0,2002000.0,1680000.0,1613000.0
386,604.35435,4.7975,4.7234,5.1117,1100000.0,54800.0,61580.0,52950.0,57220.0
387,833.10311,4.7975,4.7428,4.9433,242300.0,811.2,425.2,25260.0,382.1
388,882.22175,4.8082,4.6896,4.9148,272400.0,340.8,288.2,25510.0,736.4
389,504.25949,4.801,4.7614,4.8528,740700.0,26060.0,27120.0,24100.0,21710.0
390,575.26096,4.8118,4.6374,4.8715,198600.0,22710.0,10590.0,11920.0,15540.0
391,789.37373,4.8047,4.6905,5.0731,314600.0,269.2,321.1,40640.0,363.9
392,789.4709,4.8874,4.7428,5.006,397100.0,288.2,369.7,37190.0,359.8
393,800.78275,4.7904,4.6752,4.9101,274600.0,270.3,180.7,215.1,16730.0
394,664.41203,4.8262,4.6089,4.9341,339600.0,32580.0,28120.0,28720.0,26730.0
395,504.22336,4.8622,4.7905,5.0207,4673000.0,180900.0,575900.0,278100.0,238000.0
396,724.46943,4.8334,4.6896,5.0207,211900.0,19020.0,16860.0,11060.0,25730.0
397,476.26445,4.8586,4.7717,5.1933,959300.0,50820.0,52390.0,39900.0,42950.0
399,711.84102,4.8409,4.7428,4.9918,384900.0,204.6,14340.0,319.3,187.3
400,603.32286,4.8728,4.8046,5.1117,471700.0,20060.0,22820.0,16840.0,20890.0
401,620.3496,4.8728,4.819,4.9821,34610000.0,1382000.0,1635000.0,1321000.0,1422000.0
402,648.3806,4.8728,4.7811,5.1499,877200.0,41990.0,47500.0,39900.0,44920.0
403,625.30453,4.8764,4.8189,4.963,321800.0,13400.0,14240.0,11780.0,15050.0
404,520.21845,5.0743,4.7717,5.1397,749400.0,44810.0,44990.0,21900.0,58940.0
405,708.43791,4.8871,4.7234,4.9965,195100.0,16950.0,12540.0,11820.0,11360.0
406,996.60128,4.862,4.7039,4.9863,137600.0,552.6,374.2,8685.0,440.2
407,650.39613,4.7366,4.5805,4.9965,336600.0,43170.0,30510.0,29700.0,27540.0
408,925.63662,4.8693,4.7901,5.0152,213500.0,696.9,252.2,13090.0,803.4
409,996.83324,4.9269,4.7905,5.0685,207800.0,364.0,321.9,8928.0,758.1
410,996.91409,4.9678,4.8574,5.0784,211500.0,911.6,,13540.0,374.8
412,653.69427,4.9448,4.8763,5.2138,187500.0,363.3,97.01,16810.0,136.6
413,520.25459,4.9376,4.8574,5.0784,192800.0,9154.0,9210.0,6996.0,8820.0
414,751.50479,4.8872,4.7758,5.3562,566300.0,518.6,591.7,67270.0,286.9
415,790.89507,4.988,4.8812,5.2279,468800.0,280.1,369.4,53880.0,310.9
416,790.94031,4.9699,4.8621,5.0493,650500.0,332.3,235.1,32810.0,335.7
417,791.05034,4.9952,4.9002,5.1255,463100.0,596.2,310.9,40860.0,273.4
418,834.7752,4.9664,4.9002,5.1014,658900.0,1050.0,615.0,49910.0,619.7
419,834.88451,4.9233,4.8384,5.1293,605200.0,465.1,635.2,50350.0,789.6
422,669.33087,4.9448,4.8908,5.0493,220800.0,9172.0,8812.0,6507.0,7989.0
423,664.37598,4.9448,4.8908,5.0496,18280000.0,866900.0,832700.0,605900.0,818200.0
424,647.34898,4.9448,4.8715,5.1255,304900.0,14330.0,12570.0,9371.0,13080.0
425,692.40703,4.9448,4.7952,5.2981,433500.0,26540.0,22110.0,14390.0,22820.0
426,751.40334,4.9736,4.8046,5.1355,427600.0,854.5,204.0,39820.0,451.0
427,751.4417,4.916,4.8189,5.1293,638000.0,816.0,212.9,44920.0,588.4
428,790.99793,5.0168,4.8857,5.1293,478000.0,448.1,230.1,45390.0,250.4
430,476.22851,4.9987,4.8907,5.2404,2167000.0,286800.0,275600.0,43330.0,261200.0
431,466.19954,5.0312,4.9484,5.2506,362000.0,51760.0,51030.0,17260.0,47910.0
432,505.26322,5.0096,4.9292,5.2506,1638000.0,94100.0,93890.0,18850.0,62330.0
433,504.25985,5.0096,4.9433,5.2649,5501000.0,314800.0,311000.0,61320.0,294600.0
434,708.40242,5.0096,4.9676,5.0781,5864000.0,259400.0,225900.0,122800.0,213200.0
437,568.76698,5.0241,4.8715,5.2649,306600.0,7981.0,2279.0,4765.0,24320.0
439,864.0602,5.0133,4.9101,5.1213,47040.0,464.7,176.9,1696.0,198.2
440,752.42833,5.0673,5.0007,5.2568,1891000.0,75210.0,73100.0,65250.0,69160.0
442,822.86017,5.1029,4.9052,5.2713,432800.0,598.7,171.0,31760.0,226.3
443,868.51264,5.0816,4.8957,5.5535,571100.0,392.4,281.8,59860.0,407.2
444,919.54683,5.0887,5.006,5.1995,373300.0,503.8,276.5,35920.0,312.0
445,977.1445,5.0384,4.9485,5.1711,412700.0,228.4,357.0,21610.0,269.7
448,781.71527,5.1209,4.963,5.2836,320200.0,769.0,160.7,17280.0,305.4
449,781.825,5.0383,4.9341,5.157,325200.0,434.5,788.0,19330.0,439.1
450,868.46373,5.1244,4.9628,5.2981,360000.0,822.6,147.0,27390.0,462.9
451,520.21847,5.1173,4.7522,5.6111,782600.0,102900.0,102800.0,48860.0,98450.0
452,883.88011,4.9806,4.8189,5.1397,634100.0,953.1,336.5,35680.0,886.5
453,883.945,4.9772,4.8908,5.1014,520300.0,791.1,236.9,46040.0,280.1
455,977.01528,5.074,4.9628,5.2138,338900.0,375.2,241.1,36600.0,308.9
456,796.45409,5.1243,5.0541,5.3082,741700.0,42090.0,28860.0,32800.0,43920.0
459,560.76925,5.1279,4.9774,5.5078,9249000.0,593700.0,213200.0,521400.0,772100.0
460,481.18488,5.1279,4.963,5.6081,3562000.0,225300.0,83900.0,165800.0,284500.0
462,834.94342,4.9161,4.7763,5.1153,276700.0,651.8,338.0,34040.0,215.7
463,919.4835,5.0993,5.0296,5.4549,325200.0,373.3,178.2,49890.0,822.2
464,1120.53125,5.1314,5.0063,5.4512,4858000.0,253400.0,92080.0,406600.0,326700.0
465,640.35323,5.1314,4.963,5.4261,1908000.0,124900.0,42070.0,104600.0,157400.0
467,790.94036,4.9915,4.8621,5.1153,216500.0,332.3,235.1,14720.0,335.7
468,834.88566,5.196,4.9918,5.322,154200.0,372.6,347.2,12490.0,789.6
470,790.99963,5.1168,4.9965,5.342,130400.0,448.1,230.1,18030.0,390.3
471,834.99309,5.1024,4.9772,5.2713,192300.0,653.3,915.0,15740.0,636.0
474,603.29222,5.081,4.9774,5.2279,215100.0,12540.0,12930.0,4124.0,10940.0
475,751.40041,5.21,5.1072,5.3504,231500.0,377.5,142.3,13640.0,451.0
476,504.2234,5.1993,5.0637,5.342,15210000.0,1856000.0,1945000.0,1435000.0,1893000.0
477,505.22663,5.1993,5.064,5.3983,4354000.0,423100.0,444900.0,320800.0,547200.0
480,416.30092,5.049,4.8528,5.1428,381500.0,29510.0,7373.0,2351.0,8502.0
481,781.76446,5.0563,4.8908,5.1995,243600.0,926.4,488.2,21730.0,187.3
483,532.25492,5.2209,5.164,5.2794,7135000.0,282700.0,310600.0,215200.0,301000.0
484,533.25817,5.2209,5.164,5.2836,2227000.0,91130.0,96240.0,67900.0,91160.0
485,451.27038,5.2244,5.1498,5.3797,218700.0,10660.0,11030.0,6229.0,13840.0
487,919.60776,5.1533,5.0296,5.2793,417700.0,540.6,224.9,30050.0,709.0
489,430.22275,5.2495,5.0925,5.3508,234700.0,14370.0,18980.0,4952.0,13570.0
491,473.28368,5.2676,5.1828,5.4656,211200.0,15840.0,11120.0,6782.0,15040.0
492,448.23317,5.3101,5.064,5.5506,1453000.0,49310.0,119700.0,44740.0,100600.0
496,596.77998,5.3178,5.2076,5.4549,215300.0,18160.0,15110.0,17090.0,16480.0
498,919.66351,5.3387,5.2505,5.4406,119900.0,633.7,541.6,12310.0,260.5
499,532.21879,5.3387,5.2793,5.5109,22800000.0,2136000.0,2276000.0,2066000.0,2287000.0
500,533.22192,5.3387,5.2793,5.5109,6823000.0,635800.0,677900.0,611300.0,684600.0
501,504.25951,5.3423,5.226,5.6081,2632000.0,154100.0,146200.0,131700.0,149200.0
502,505.26288,5.3423,5.226,5.6111,792700.0,46610.0,42220.0,37170.0,41050.0
504,403.17518,5.3101,5.1499,5.3983,295800.0,3717.0,12300.0,6377.0,8628.0
505,480.27473,5.314,5.1853,5.565,360800.0,847.3,80.23,5743.0,34990.0
506,466.1994,5.3816,5.2361,5.6657,730300.0,52510.0,44640.0,43740.0,50730.0
507,919.54205,5.339,5.1995,5.4368,159700.0,719.9,265.2,13130.0,222.8
508,440.30095,5.3714,5.2218,5.5252,379400.0,6986.0,43800.0,41370.0,43200.0
510,494.23064,5.3992,5.3401,5.5678,491300.0,32360.0,25440.0,26720.0,27300.0
512,548.24848,5.4135,5.3145,5.6944,618800.0,30990.0,31130.0,34520.0,32970.0
513,417.22507,5.3999,5.2568,5.7357,242600.0,1813.0,39370.0,4448.0,16420.0
514,868.45847,5.3921,5.2548,5.5362,140400.0,495.5,865.3,9080.0,261.9
515,548.21324,5.4563,5.3082,5.9412,1222000.0,100300.0,108800.0,99620.0,109000.0
516,458.21753,5.46,5.3082,5.5823,418900.0,41670.0,39330.0,34420.0,42910.0
517,462.22117,5.4743,5.4123,5.5779,335100.0,157.7,12210.0,576.1,7360.0
518,412.27336,5.4882,5.3508,5.7808,817200.0,4838.0,2095.0,753.0,57390.0
519,430.28419,5.552,5.3508,5.8384,2802000.0,1441.0,980.7,936.3,187400.0
520,466.31173,5.4664,5.3508,5.5794,707800.0,60.16,242.0,,49370.0
523,532.25469,5.4957,5.422,5.7088,16160000.0,1028000.0,1076000.0,965300.0,1123000.0
524,533.25798,5.4957,5.422,5.7088,5173000.0,319500.0,335400.0,303600.0,349200.0
525,822.8585,5.3172,5.2073,5.4648,185300.0,598.7,237.5,11840.0,218.9
526,496.269,5.4809,5.3224,5.8557,794000.0,59440.0,122.2,19550.0,32510.0
527,478.26336,5.5164,5.3797,5.8125,296000.0,24120.0,990.0,6604.0,25240.0
528,514.28436,5.463,5.3652,5.7549,496600.0,35360.0,98.72,10890.0,33250.0
529,531.30903,5.4985,5.3652,5.7109,405900.0,29980.0,2506.0,11860.0,12890.0
530,422.21757,5.5304,5.4545,5.8269,386100.0,33690.0,16550.0,18570.0,18700.0
531,428.16489,5.534,5.4648,5.7953,595700.0,31190.0,30660.0,26600.0,32500.0
532,440.24932,5.5448,5.422,5.7394,480000.0,26090.0,28030.0,23110.0,28520.0
536,448.29466,5.581,5.4368,5.6926,1020000.0,1341.0,1525.0,1027.0,51070.0
537,494.19455,5.5518,5.4648,5.7549,4617000.0,359000.0,363700.0,320500.0,382400.0
538,883.87922,5.5163,5.4123,5.6686,97960.0,457.9,116.4,12380.0,246.6
539,947.98152,5.5378,5.4656,5.6827,209500.0,388.1,203.4,10680.0,652.8
542,419.24051,5.5804,5.422,5.6926,652400.0,1284.0,33580.0,4676.0,12290.0
544,428.2702,5.57,5.4262,5.8384,1163000.0,1086.0,171.3,809.4,52530.0
545,446.2827,5.5698,5.3652,5.9105,1818000.0,115.6,452.6,151.2,92880.0
546,464.28943,5.6844,5.5362,5.8384,10250000.0,3187.0,3264.0,2426.0,419900.0
547,440.30094,5.5239,5.4075,5.7088,391000.0,5289.0,24080.0,14230.0,44830.0
548,484.27567,5.5984,5.5207,5.7953,426800.0,23960.0,26010.0,21170.0,26160.0
549,522.226,5.602,5.5394,5.6642,584200.0,27290.0,27810.0,23680.0,28520.0
551,526.26239,5.6846,5.5794,5.8384,383000.0,536.1,268.7,684.2,16370.0
555,528.30209,5.6524,5.5779,5.8528,484200.0,22920.0,25720.0,20370.0,26690.0
561,560.24973,5.6952,5.621,5.8673,26460000.0,1292000.0,1386000.0,1244000.0,1389000.0
562,572.32778,5.6952,5.6225,5.9123,353300.0,19300.0,17190.0,16990.0,17190.0
565,522.18972,5.7275,5.6498,5.9105,5840000.0,415400.0,476800.0,393400.0,449300.0
566,518.27573,5.7311,5.6066,5.9226,295700.0,26330.0,31490.0,23800.0,27540.0
567,494.23063,5.7455,5.683,5.8269,386600.0,21450.0,19300.0,18490.0,19950.0
572,442.31692,5.5768,5.3931,5.6785,575600.0,1450.0,33220.0,4966.0,14940.0
573,576.24482,5.7959,5.7069,6.2417,730900.0,35190.0,44850.0,38300.0,43780.0
574,462.27467,5.7028,5.5966,5.8528,762700.0,933.5,349.6,365.5,31340.0
575,577.2482,5.7959,5.6801,6.0721,251900.0,12320.0,13000.0,11680.0,11070.0
577,440.30103,5.8031,5.621,6.3713,378600.0,741.4,21430.0,20270.0,75560.0
581,400.30606,5.8535,5.7645,5.9827,1432000.0,78140.0,94520.0,46350.0,154200.0
583,567.75894,5.8787,5.683,6.0433,502900.0,35090.0,1594.0,2906.0,13060.0
584,1134.51526,5.8859,5.6973,6.0144,431700.0,28310.0,309.2,739.4,9100.0
586,935.32374,5.8355,5.6785,6.0666,366700.0,125.5,26310.0,254.2,384.6
587,522.22596,5.8967,5.7836,6.1859,2985000.0,185800.0,194300.0,175500.0,194300.0
589,497.1848,5.8824,5.7376,6.0433,622400.0,14960.0,919.4,3087.0,42140.0
590,640.35303,5.9147,5.6944,6.1698,433300.0,10780.0,554.9,1644.0,34940.0
591,546.27024,5.9111,5.7404,6.1008,379400.0,35200.0,15150.0,32670.0,33740.0
592,568.76632,5.9111,5.6944,6.2273,2029000.0,44300.0,1726.0,7130.0,140000.0
593,1136.52637,5.9111,5.6944,6.1698,3194000.0,69170.0,2862.0,14840.0,225400.0
602,550.22089,6.0842,5.9989,6.2592,3956000.0,205100.0,193500.0,192200.0,213900.0
603,414.29253,6.0049,5.9123,6.2561,763100.0,4193.0,8611.0,357.9,33570.0
604,412.2806,6.0662,5.9567,6.4578,6755000.0,1163.0,42370.0,1134.0,285800.0
605,466.3166,6.0986,6.0405,6.4435,4989000.0,149.6,29960.0,707.2,207400.0
606,430.29168,6.1382,6.0089,6.4291,3151000.0,108.1,17960.0,474.6,135200.0
607,448.29813,6.0409,5.899,6.2705,1866000.0,736.2,11880.0,2002.0,85780.0
608,488.30269,6.03,5.9123,6.1817,1614000.0,1101.0,9349.0,373.8,58190.0
609,422.1812,6.113,5.898,6.7167,1486000.0,190000.0,170900.0,179000.0,187400.0
610,427.13676,6.113,6.0234,6.604,1402000.0,198900.0,179300.0,187300.0,186300.0
611,450.21263,6.113,6.0089,6.4121,1367000.0,151900.0,133800.0,156200.0,147200.0
614,400.30615,6.1236,5.9567,6.3689,715800.0,39000.0,72370.0,42290.0,59680.0
615,533.32589,6.1345,6.0577,6.4886,2152000.0,91760.0,3442.0,198900.0,18010.0
616,462.26763,6.138,5.9682,6.7186,4653000.0,217000.0,14270.0,436500.0,54490.0
617,480.27827,6.138,5.9537,6.4741,1637000.0,70020.0,4932.0,153100.0,20710.0
618,538.27767,6.1596,6.0712,6.4741,976300.0,42830.0,5124.0,89780.0,6546.0
619,498.28888,6.138,5.9827,6.4741,929700.0,38440.0,3083.0,85630.0,14750.0
620,516.30036,6.138,5.9972,6.3169,797600.0,37980.0,5925.0,72880.0,10580.0
621,422.29016,6.1884,5.9537,6.3257,188900.0,3929.0,12050.0,4035.0,40690.0
622,424.30598,6.1704,5.8938,6.402,950800.0,15520.0,73710.0,42960.0,93650.0
624,784.32259,6.1812,6.098,6.3745,661300.0,31840.0,3394.0,11200.0,10030.0
626,770.34158,6.3071,6.1872,6.4554,418600.0,18900.0,101.4,4854.0,14280.0
628,403.24563,6.3035,6.1986,6.4867,207500.0,5938.0,16540.0,1386.0,19390.0
629,462.23373,6.3107,6.1872,6.5994,182500.0,10190.0,11430.0,9996.0,11140.0
631,480.27884,6.354,6.268,6.9068,695800.0,76920.0,26570.0,341.1,1977.0
632,498.28907,6.3216,6.1842,6.4899,334200.0,30700.0,11570.0,283.7,3217.0
633,515.31124,6.3504,6.1859,6.6052,599300.0,56400.0,21560.0,53.74,48.34
634,430.28797,6.4333,6.2969,6.6714,1296000.0,468.4,63910.0,548.9,1487.0
635,448.29749,6.3576,6.1859,6.5331,1521000.0,283.1,74670.0,656.0,1723.0
636,465.33734,6.338,6.2592,6.5274,972900.0,384.4,45440.0,,735.8
637,470.28458,6.3684,6.3113,6.513,410000.0,44.03,19320.0,117.8,192.7
639,422.29031,6.3576,6.1872,6.5463,413700.0,3236.0,21650.0,4573.0,42420.0
644,782.30707,6.4729,6.4121,6.585,430100.0,2422.0,19240.0,2009.0,1654.0
646,450.21255,6.4981,6.3876,6.7002,303900.0,34300.0,31890.0,30910.0,32280.0
647,449.3852,6.4946,6.4466,6.5763,291300.0,7423.0,9718.0,7904.0,8508.0
648,583.25542,6.5054,6.4322,6.6426,449800.0,1822.0,20870.0,1212.0,1232.0
651,616.17711,6.5594,6.4842,7.2041,439100.0,5228.0,54850.0,26380.0,18280.0
654,768.33112,6.6279,6.5155,6.7483,394000.0,18650.0,163.2,5146.0,20500.0
659,617.99944,6.6641,6.5563,6.9453,13180000.0,,675300.0,350.8,1697.0
660,400.30599,6.6206,6.4597,6.8604,375400.0,3840.0,23020.0,14860.0,58840.0
662,432.23831,6.6743,6.5011,6.8781,24990000.0,1308000.0,148900.0,702100.0,1031000.0
663,409.16216,6.6743,6.5187,6.8893,3224000.0,154100.0,14780.0,75550.0,109400.0
664,404.20674,6.6743,6.4899,6.8893,2650000.0,122400.0,13010.0,61590.0,94660.0
665,418.22214,6.6743,6.5475,6.877,1182000.0,62380.0,5848.0,34500.0,47900.0
667,667.24331,6.7066,6.6283,6.8301,956000.0,726.8,42000.0,4919.0,3284.0
668,702.28046,6.703,6.6283,6.8301,2578000.0,2111.0,114400.0,12510.0,9513.0
670,716.29517,6.757,6.6595,6.9036,480200.0,3514.0,196.0,10410.0,57460.0
671,424.30594,6.5954,6.4466,7.0188,1175000.0,2894.0,46880.0,12790.0,146000.0
672,415.13874,6.7318,6.5896,7.05,372100.0,36440.0,35360.0,35540.0,37700.0
673,455.13147,6.7354,6.5994,7.1941,5820000.0,790300.0,811800.0,784900.0,830200.0
674,716.24799,6.7263,6.6615,6.9597,792600.0,,46720.0,103.3,97.59
676,450.17611,6.7642,6.5563,7.3039,5966000.0,806600.0,834800.0,777900.0,850300.0
677,816.32263,6.7642,6.6452,6.9788,327100.0,35480.0,37370.0,33720.0,36430.0
678,478.20746,6.7642,6.5563,7.0477,2923000.0,299800.0,357500.0,321900.0,315200.0
680,426.32158,6.793,6.6571,6.9491,364800.0,1305.0,5193.0,17720.0,17620.0
688,415.21168,6.919,6.8589,7.0364,723200.0,32860.0,31800.0,15870.0,19790.0
689,460.27066,6.919,6.8445,6.9886,1477000.0,65510.0,69560.0,30860.0,42600.0
690,646.03122,6.9282,6.8156,7.2316,2976000.0,259.0,181600.0,,155.6
691,432.2383,6.9298,6.8482,7.1372,374300.0,30960.0,4902.0,15750.0,26190.0
693,474.174,6.9474,6.8781,7.0509,276200.0,12180.0,1006.0,,5043.0
694,656.19775,6.9622,6.8317,7.1196,416100.0,16800.0,2223.0,10330.0,19260.0
695,716.29514,6.9298,6.7868,7.1053,175200.0,1357.0,196.0,2769.0,11300.0
699,421.31748,7.0054,6.9309,7.2356,2274000.0,109100.0,61860.0,83520.0,85230.0
700,844.35399,7.0162,6.8733,7.2336,333300.0,32730.0,28620.0,30710.0,33700.0
703,414.29312,6.973,6.846,7.2179,2533000.0,848.5,120800.0,712.1,2801.0
704,432.31078,7.0451,6.9347,7.2179,813400.0,4658.0,39240.0,14930.0,10200.0
705,450.31829,6.9694,6.846,7.1182,1544000.0,848.4,68740.0,193.5,700.9
706,472.29723,7.0235,6.8604,7.1615,474300.0,71.12,22280.0,82.86,325.4
707,408.31122,7.0631,6.9036,7.2058,323500.0,8821.0,2871.0,8589.0,20110.0
709,464.28141,7.1876,6.9453,7.36,1351000.0,155300.0,20340.0,3656.0,3138.0
710,495.12633,7.1315,7.0333,7.446,728700.0,35530.0,3981.0,23210.0,42020.0
712,473.14453,7.1315,7.0356,7.3166,384000.0,16430.0,2137.0,11010.0,22090.0
713,478.20732,7.1351,7.0221,7.7579,2884000.0,227500.0,206600.0,215400.0,213200.0
714,483.16274,7.1351,7.0461,7.2468,593300.0,36870.0,31040.0,35060.0,32630.0
715,700.26507,7.168,6.4409,7.2858,731400.0,,70430.0,671.5,617.2
718,451.09988,7.1783,7.0908,7.2601,673700.0,31200.0,4178.0,21670.0,33230.0
719,488.29918,7.2407,7.134,7.4031,1046000.0,74990.0,59350.0,45190.0,48180.0
720,453.16702,7.2408,7.1085,7.484,2237000.0,180200.0,123400.0,105600.0,97350.0
721,502.27942,7.2443,7.1516,7.5615,1566000.0,93290.0,91690.0,57560.0,58190.0
723,415.21134,7.2476,7.0644,8.2045,73080000.0,4868000.0,3979000.0,2812000.0,2765000.0
724,432.23799,7.2476,7.1196,7.9793,22310000.0,1283000.0,990300.0,647900.0,655400.0
725,437.19334,7.2476,7.094,7.7201,24620000.0,1773000.0,1262000.0,969900.0,995000.0
726,460.2692,7.2476,7.0173,8.0941,106700000.0,8250000.0,7097000.0,5108000.0,5003000.0
727,446.25328,7.2476,7.1615,7.432,6033000.0,418100.0,373300.0,256300.0,257300.0
728,476.26376,7.2476,7.0908,7.628,1287000.0,86000.0,84360.0,54590.0,50690.0
729,846.44146,7.2476,7.1759,7.3461,1104000.0,39560.0,23970.0,11300.0,11410.0
730,851.39668,7.2476,7.1804,7.4463,2388000.0,88110.0,41410.0,21730.0,20650.0
731,686.28468,7.2744,7.1901,7.4695,2247000.0,6474.0,105100.0,19230.0,22040.0
733,478.17068,7.345,7.147,8.267,17070000.0,2085000.0,2018000.0,1859000.0,2122000.0
734,483.12603,7.345,7.2316,7.7056,11700000.0,1214000.0,1313000.0,1309000.0,1287000.0
735,499.0997,7.345,7.2356,7.6769,1412000.0,131000.0,163600.0,151000.0,166100.0
736,506.20193,7.345,7.1628,7.6191,3340000.0,275600.0,352000.0,325300.0,318700.0
737,698.30138,7.359,7.2218,7.7912,811300.0,123300.0,96270.0,146100.0,94460.0
738,654.27515,7.3661,7.2316,7.7909,997400.0,153800.0,162100.0,164600.0,181600.0
741,714.27932,7.3804,7.2741,7.6912,41280000.0,79330.0,1951000.0,157200.0,99960.0
742,651.24782,7.3024,7.1901,7.5993,1679000.0,3608.0,123800.0,7503.0,8607.0
743,697.25319,7.3768,7.2999,7.6425,12290000.0,18690.0,577400.0,41670.0,23730.0
744,719.23473,7.3838,7.2999,7.5993,2694000.0,4367.0,123100.0,9254.0,5696.0
745,742.3231,7.3626,7.2879,7.5039,3560000.0,47450.0,111200.0,23840.0,24080.0
747,754.34765,7.4174,7.3039,7.6047,2348000.0,114100.0,,44650.0,68270.0
748,670.25378,7.4304,7.3557,7.5993,875100.0,91.31,40290.0,486.7,586.2
749,464.28178,7.3455,7.2336,7.8351,2403000.0,314500.0,32220.0,1987.0,2022.0
750,500.30204,7.3489,7.2336,7.8495,1012000.0,135600.0,13420.0,134.1,378.6
753,665.2639,7.5024,7.4172,7.6769,777000.0,10200.0,464.6,35080.0,28640.0
754,705.25619,7.5169,7.446,7.6911,1134000.0,15210.0,330.7,51060.0,41420.0
755,683.27444,7.5169,7.4172,7.8489,5295000.0,73290.0,2392.0,247100.0,197800.0
756,700.30142,7.5169,7.4176,7.8638,16150000.0,228300.0,10760.0,747200.0,626700.0
757,728.33381,7.5601,7.4316,7.7147,3761000.0,34990.0,2902.0,147600.0,112600.0
761,524.37251,7.5673,7.3039,7.9937,529800.0,141200.0,14270.0,59870.0,67.03
765,686.32173,7.6623,7.5758,8.0208,2914000.0,46890.0,,25050.0,159500.0
766,669.29524,7.6623,7.59,7.8053,1091000.0,18400.0,,9746.0,58370.0
768,804.21328,7.6754,7.556,7.8345,710500.0,30730.0,9534.0,24560.0,34220.0
770,714.35332,7.6671,7.59,7.8341,1940000.0,22590.0,,12760.0,104500.0
771,726.33309,7.6898,7.5468,7.9022,685400.0,51180.0,55700.0,53750.0,54100.0
772,682.30681,7.7042,7.628,8.1488,800200.0,78940.0,80390.0,68530.0,89670.0
773,506.20225,7.7078,7.5615,8.7095,5397000.0,529500.0,622400.0,539100.0,541900.0
774,511.15746,7.7078,7.628,8.565,1078000.0,104700.0,149000.0,90380.0,105400.0
775,527.13151,7.7114,7.5903,8.0321,552100.0,41930.0,59190.0,49340.0,43570.0
776,460.24588,7.578,7.484,7.6769,3018000.0,152000.0,143200.0,157800.0,153700.0
777,415.18814,7.5744,7.484,7.6768,2294000.0,119000.0,110700.0,120300.0,112600.0
779,437.17005,7.6213,7.4895,7.9167,919300.0,41120.0,40710.0,37310.0,35480.0
781,425.19407,7.7616,7.6622,7.9889,942700.0,18560.0,51800.0,35630.0,36990.0
782,483.12607,7.7112,7.5615,7.9504,1820000.0,346800.0,200900.0,176500.0,151100.0
784,402.39388,7.801,7.7055,7.9649,637200.0,36490.0,2273.0,26130.0,36660.0
786,714.23909,7.8623,7.7579,8.4812,3323000.0,425300.0,486800.0,440800.0,516000.0
787,742.27025,7.8623,7.729,8.2189,1118000.0,124700.0,159800.0,138100.0,156000.0
788,752.33208,7.8634,7.7626,8.0501,1717000.0,19630.0,,55940.0,77630.0
789,719.1944,7.8659,7.7579,8.1488,2702000.0,192200.0,203600.0,287400.0,310000.0
790,698.28913,7.8695,7.7147,7.9937,1400000.0,59120.0,17850.0,16930.0,21170.0
793,527.29628,8.0419,7.863,8.6541,10730000.0,98870.0,47560.0,363600.0,1117000.0
794,570.25645,8.0419,7.8919,8.1756,1123000.0,12120.0,5106.0,41870.0,61630.0
797,528.30378,8.1567,8.0351,8.267,1691000.0,84780.0,7637.0,69360.0,93570.0
798,478.29273,8.0922,7.9072,8.4525,1594000.0,70060.0,54580.0,91790.0,77270.0
799,524.27471,8.0135,7.9208,8.106,1092000.0,52610.0,10990.0,33860.0,58470.0
800,502.29271,8.1173,7.9208,8.4687,6764000.0,327500.0,82000.0,248200.0,369500.0
802,580.27502,8.0206,7.8878,8.4812,1240000.0,239000.0,284900.0,250900.0,300600.0
804,443.1828,8.0492,7.96,8.5795,5988000.0,387900.0,432500.0,402700.0,380500.0
805,460.20926,8.0492,7.96,8.5247,1522000.0,92940.0,93500.0,110600.0,90890.0
806,488.24142,8.0527,7.96,8.5824,10880000.0,763000.0,776300.0,817900.0,775800.0
807,465.16467,8.0563,7.9645,8.5823,3592000.0,218900.0,220100.0,235800.0,240800.0
808,684.30781,8.0347,7.8485,8.2237,1541000.0,70690.0,616.2,22230.0,79330.0
809,712.3407,8.067,7.9072,8.1949,989600.0,43400.0,1340.0,13460.0,49380.0
810,719.19424,7.9812,7.8928,8.1469,1780000.0,132800.0,121600.0,139800.0,127900.0
812,700.30136,8.0813,7.9067,8.3655,920500.0,14500.0,1259.0,34760.0,81440.0
813,526.29299,8.0742,7.7909,8.7546,36310000.0,416600.0,154900.0,1298000.0,1860000.0
814,548.27464,8.0419,7.8485,8.4237,5193000.0,45950.0,20610.0,172800.0,268100.0
815,955.26272,8.117,7.9921,8.2767,828600.0,8114.0,40500.0,10230.0,12880.0
823,1045.36772,8.2971,8.2065,8.4092,823100.0,44660.0,1066.0,29420.0,47830.0
824,542.32144,8.3224,8.2189,8.4687,908300.0,25760.0,63370.0,28230.0,28620.0
825,520.33975,8.3224,8.2076,8.4667,7737000.0,206400.0,525900.0,231600.0,244800.0
826,594.16029,8.3404,8.2354,8.5245,1375000.0,63880.0,4136.0,40260.0,69340.0
827,719.19418,8.3404,8.2045,8.4814,978200.0,77550.0,67340.0,103200.0,103500.0
828,528.30857,8.3369,8.1788,8.5264,1193000.0,92320.0,10160.0,14080.0,53370.0
829,608.30624,8.362,8.2237,8.6129,937700.0,144200.0,138300.0,135400.0,142500.0
830,546.35063,8.3548,8.0941,8.6559,1422000.0,276900.0,34440.0,130700.0,13760.0
831,524.37291,8.4054,7.9067,9.2873,11270000.0,2474000.0,323700.0,1251000.0,96.61
832,568.33988,8.2178,8.1069,8.3086,4595000.0,114800.0,35940.0,283100.0,194000.0
833,590.32116,8.2178,8.1228,8.3221,539900.0,12200.0,3344.0,30910.0,21730.0
834,544.33979,8.2683,8.0747,8.3804,3803000.0,251000.0,109200.0,123500.0,241200.0
835,616.46299,8.4666,8.2643,8.798,651600.0,89790.0,55090.0,85240.0,107600.0
836,528.41056,8.4666,8.2509,8.7138,795400.0,103800.0,81530.0,86920.0,73520.0
837,572.43679,8.4666,8.2767,8.668,778300.0,102200.0,78700.0,82430.0,78310.0
838,483.12598,8.5278,8.3199,8.7095,797300.0,209100.0,237700.0,221800.0,164900.0
839,570.3531,8.4883,8.3373,8.6973,741900.0,58040.0,12290.0,15090.0,25960.0
840,520.33958,8.5532,8.4498,8.8961,3254000.0,147200.0,311400.0,164800.0,116100.0
841,869.2621,8.5496,8.3632,8.8401,1617000.0,98160.0,88540.0,35440.0,158000.0
842,454.29253,8.5676,8.4255,8.8689,2353000.0,150300.0,113100.0,141100.0,23570.0
845,762.27551,8.6286,8.4522,9.0677,815500.0,122700.0,155700.0,128800.0,129300.0
846,667.27914,8.6503,8.4976,9.0126,9847000.0,224900.0,3621.0,382100.0,523900.0
847,684.30589,8.6503,8.5247,9.182,25090000.0,582100.0,12330.0,986700.0,1347000.0
848,689.26099,8.6539,8.4812,8.8544,3072000.0,67550.0,982.3,115400.0,159800.0
849,712.33689,8.6539,8.3655,8.8545,3085000.0,59080.0,677.9,106200.0,153600.0
850,767.23072,8.6827,8.5219,9.1963,973400.0,195700.0,178800.0,175100.0,129900.0
852,414.30326,8.78,8.6256,8.9982,1577000.0,106200.0,26700.0,83490.0,111200.0
853,480.30819,8.8049,8.6806,9.0569,1139000.0,100200.0,60450.0,59980.0,15840.0
854,653.29995,8.8119,8.7114,9.1532,9126000.0,494300.0,169.0,138000.0,532400.0
855,670.32552,8.8548,8.6993,9.0711,16060000.0,831900.0,475.3,241300.0,919300.0
856,698.35803,8.8155,8.7114,9.1267,14560000.0,674400.0,260.5,199700.0,835300.0
857,675.27766,8.7975,8.7117,9.0993,2799000.0,148900.0,97.71,39820.0,160100.0
858,786.2023,8.9263,8.7832,9.1408,3398000.0,177700.0,11340.0,113200.0,199300.0
859,577.35533,8.9513,8.8401,9.1251,1696000.0,121400.0,19990.0,91570.0,125100.0
860,425.21401,9.0942,8.9404,9.5783,1904000.0,162300.0,132700.0,159000.0,154900.0
861,668.31065,9.0982,8.6704,9.344,6454000.0,368700.0,,149600.0,258800.0
862,696.34172,9.0977,8.6559,9.3842,7847000.0,459500.0,385.0,194000.0,347800.0
863,651.28407,9.0982,8.7998,9.344,2935000.0,174700.0,,68240.0,118600.0
864,758.56858,9.191,8.2643,9.5649,4025000.0,450800.0,187900.0,1227000.0,2647000.0
866,820.59801,9.1913,8.9852,9.8232,3603000.0,703700.0,815400.0,661000.0,827000.0
867,776.5719,9.198,9.0259,9.8421,7248000.0,1565000.0,1540000.0,1198000.0,1603000.0
868,557.44481,9.2314,9.0105,9.8386,9264000.0,1340000.0,1307000.0,1897000.0,1302000.0
869,892.61888,9.2213,9.0259,9.4625,2913000.0,404800.0,415000.0,392400.0,319800.0
870,732.54588,9.2213,9.0545,9.8222,12440000.0,2748000.0,2571000.0,2247000.0,2604000.0
871,688.51985,9.2246,9.0687,9.8155,17950000.0,3141000.0,3799000.0,3160000.0,3800000.0
872,600.4676,9.2347,9.0828,9.8293,28640000.0,6253000.0,5967000.0,5359000.0,5995000.0
873,644.4937,9.2348,9.0687,9.8386,23190000.0,5264000.0,4528000.0,5043000.0,5046000.0
874,806.56988,9.2347,8.1921,9.4486,3053000.0,154200.0,493100.0,184700.0,1799000.0
875,556.44153,9.2413,9.096,9.8386,28940000.0,6010000.0,5600000.0,6059000.0,6033000.0
876,512.4154,9.2513,9.097,9.8386,23180000.0,5110000.0,4846000.0,4889000.0,4361000.0
877,848.59285,9.2481,9.0853,9.8097,4464000.0,595200.0,813200.0,623300.0,634600.0
878,424.3626,9.2513,9.096,9.7294,4320000.0,967100.0,836200.0,811900.0,855600.0
879,468.38908,9.2547,9.097,9.8293,11310000.0,2589000.0,2232000.0,2412000.0,2432000.0
880,804.56714,9.2614,9.097,9.6952,5639000.0,815700.0,654500.0,826300.0,885700.0
881,760.54086,9.2749,9.1251,9.8386,7166000.0,1379000.0,1358000.0,1305000.0,1011000.0
882,716.51475,9.2881,9.1522,9.7827,8863000.0,1566000.0,1610000.0,1260000.0,1280000.0
883,782.5681,9.366,8.2911,9.6433,7919000.0,156200.0,6540000.0,671700.0,4064000.0
884,672.48858,9.315,9.1669,9.8222,9365000.0,1843000.0,1491000.0,1482000.0,1782000.0
885,496.33943,9.3323,9.097,9.7295,4102000.0,606800.0,264200.0,601700.0,162000.0
886,628.46246,9.3423,9.1803,10.0182,9958000.0,2145000.0,1896000.0,1864000.0,1862000.0
887,584.43638,9.3556,9.1932,9.8155,10540000.0,1606000.0,1616000.0,1554000.0,1882000.0
888,540.41045,9.3827,9.2229,10.2621,9571000.0,1768000.0,2207000.0,1308000.0,1683000.0
889,758.56838,9.2851,8.5102,9.6773,4127000.0,297800.0,31370.0,3244000.0,587900.0
890,496.38386,9.4032,9.2596,9.8222,7087000.0,1371000.0,1104000.0,1056000.0,1078000.0
891,452.35761,9.4239,9.274,9.8222,4157000.0,805800.0,650500.0,559500.0,553700.0
892,834.61393,9.558,9.4074,10.0703,6668000.0,1463000.0,1140000.0,949900.0,1028000.0
893,790.58764,9.5941,9.3981,10.1942,13580000.0,2330000.0,2665000.0,1873000.0,1936000.0
894,746.56165,9.5973,9.4074,10.6338,21440000.0,5774000.0,4574000.0,3170000.0,3283000.0
895,764.52142,9.6227,8.7114,9.8155,6873000.0,2808000.0,668.9,3554000.0,13010.0
896,702.53554,9.6201,9.3942,10.2072,31820000.0,5624000.0,6990000.0,4758000.0,4987000.0
897,614.48344,9.6233,9.3403,10.7179,51390000.0,14510000.0,11690000.0,7793000.0,8044000.0
898,658.50944,9.6266,9.3534,10.2072,41930000.0,7515000.0,9548000.0,6394000.0,6513000.0
899,663.46265,9.7779,9.6238,10.0927,6173000.0,413100.0,183700.0,261800.0,544200.0
900,570.45727,9.6394,9.3403,10.2072,55880000.0,9625000.0,12460000.0,8277000.0,8459000.0
901,526.43115,9.6427,9.4213,10.2072,49520000.0,8442000.0,10810000.0,7275000.0,7255000.0
902,575.4127,9.7779,9.4213,10.1376,9929000.0,353600.0,819100.0,422600.0,901400.0
903,438.37847,9.649,9.4348,10.1942,10790000.0,1864000.0,2118000.0,1497000.0,1423000.0
904,443.33377,9.6651,9.3005,10.0852,5232000.0,559600.0,1128000.0,971100.0,773600.0
906,482.40478,9.662,9.3403,10.2072,28140000.0,4846000.0,6088000.0,4089000.0,3994000.0
907,487.36024,9.7812,9.4625,10.1376,8348000.0,413000.0,941800.0,381300.0,775500.0
908,531.38657,9.7814,9.6363,10.104,10020000.0,340400.0,263200.0,426500.0,928700.0
909,659.28626,9.6846,9.5753,9.8022,8892000.0,445800.0,47210.0,164300.0,187300.0
910,780.5518,9.7875,9.5849,10.0442,3046000.0,590400.0,366700.0,150800.0,309500.0
911,1295.58444,9.6845,9.6011,9.8354,7795000.0,289600.0,12440.0,58260.0,86370.0
913,637.30479,9.6781,9.4254,10.065,49580000.0,2857000.0,302100.0,728800.0,748400.0
914,654.33134,9.6813,9.5753,10.0771,21700000.0,997000.0,139800.0,326500.0,366200.0
915,682.36253,9.6845,9.4265,9.9936,58400000.0,3676000.0,612000.0,1176000.0,1112000.0
916,619.43887,9.7779,9.4348,10.1376,8307000.0,281100.0,668600.0,344400.0,747000.0
919,782.5681,9.7841,9.5849,10.0252,5287000.0,171900.0,1477000.0,189300.0,1136000.0
922,449.19897,9.8214,9.3576,10.0252,3485000.0,125400.0,98450.0,133200.0,453800.0
923,707.49111,9.791,9.6883,10.0252,4299000.0,109600.0,41570.0,148800.0,387600.0
929,406.32883,9.8248,9.5065,10.0703,11780000.0,1961000.0,706300.0,1132000.0,1369000.0
931,493.22526,9.8214,9.3849,10.0252,3569000.0,107200.0,75010.0,93280.0,388700.0
932,561.39707,9.8283,9.3303,10.0905,3030000.0,98560.0,97550.0,129700.0,483900.0
933,760.57761,9.9218,9.7287,10.9846,10900000.0,3226000.0,2839000.0,2278000.0,2949000.0
934,804.60339,9.9279,9.3849,10.5513,6386000.0,1574000.0,1213000.0,1171000.0,1506000.0
935,512.41565,9.8445,9.7346,10.6076,3658000.0,1111000.0,1159000.0,1513000.0,1086000.0
936,644.49398,9.8448,9.7346,10.231,3737000.0,1160000.0,1216000.0,878900.0,1141000.0
937,556.44179,9.891,9.7417,10.5459,4633000.0,1385000.0,1450000.0,1062000.0,2183000.0
938,600.46789,9.891,9.7417,10.5459,4651000.0,1367000.0,1431000.0,1033000.0,2107000.0
939,628.49925,9.9344,9.4348,10.9003,31240000.0,8209000.0,8217000.0,5710000.0,7236000.0
940,672.52526,9.9344,9.4393,11.0406,24640000.0,6723000.0,4784000.0,3435000.0,5792000.0
941,716.55131,9.9344,9.4254,10.6781,17090000.0,4415000.0,4059000.0,3163000.0,4156000.0
942,584.4731,9.9378,9.4254,11.1103,35330000.0,9749000.0,9622000.0,6388000.0,7616000.0
943,540.44693,9.9538,9.4254,11.1321,33200000.0,9214000.0,9280000.0,6165000.0,7235000.0
944,496.42065,9.99,9.5454,11.1182,20640000.0,5957000.0,6140000.0,4112000.0,4739000.0
945,452.39431,9.9734,9.7959,11.0621,8101000.0,2335000.0,2200000.0,1600000.0,1564000.0
946,804.55504,10.1903,9.9853,10.4001,5409000.0,166100.0,789500.0,196100.0,405100.0
947,780.55226,10.1971,9.959,10.439,4900000.0,753200.0,426200.0,556700.0,393700.0
948,758.56899,10.1971,10.0054,10.4108,4116000.0,420500.0,171700.0,829900.0,503100.0
949,782.56852,10.2006,9.9422,10.4141,7465000.0,191500.0,1850000.0,477000.0,810700.0
950,429.40502,10.2689,9.8629,10.5686,10350000.0,1696000.0,592700.0,534800.0,532800.0
951,406.32919,10.2824,9.9936,10.907,108300000.0,20380000.0,12120000.0,7370000.0,8547000.0
953,789.66886,10.2895,10.1392,10.7179,5441000.0,525100.0,308300.0,100100.0,285200.0
954,782.56902,10.4944,10.3088,10.7091,3628000.0,162500.0,1064000.0,365500.0,859200.0
955,531.38714,10.5259,10.3688,10.7712,1930000.0,45950.0,44570.0,96930.0,227200.0
956,575.4132,10.5119,10.3688,10.7712,2035000.0,32710.0,127000.0,104700.0,243900.0
957,1199.77424,11.0,10.664,11.4982,2100000.0,272200.0,,523600.0,2516.0
958,434.36054,11.0647,10.732,12.0102,4214000.0,552600.0,345600.0,274100.0,369100.0
959,406.32918,11.0752,10.8761,11.4636,8999000.0,2670000.0,1954000.0,1580000.0,2167000.0
960,1194.8184,11.0702,10.6357,11.6538,3708000.0,631700.0,,989300.0,8008.0
961,782.56895,11.0787,10.8723,11.2717,6383000.0,239600.0,856100.0,405000.0,546200.0
962,808.58405,11.0823,10.8845,11.2717,2800000.0,111900.0,410400.0,271200.0,241600.0
963,804.5545,11.0823,10.4001,11.5138,6083000.0,165300.0,1360000.0,194600.0,617200.0
964,719.1948,11.0822,10.8986,11.4135,2836000.0,631600.0,415400.0,372400.0,436200.0
965,780.55255,11.0823,10.7147,11.4756,4297000.0,920000.0,326500.0,599700.0,583500.0
966,758.56956,11.0823,10.8929,11.2789,3399000.0,341700.0,142900.0,575700.0,318500.0
967,651.38506,11.5779,11.2649,11.7707,2273000.0,242700.0,,195.1,463.4
968,610.18432,11.6077,9.7294,12.0102,3019000.0,3968000.0,658800.0,2274000.0,648300.0
969,607.38289,11.6042,11.0406,11.8834,3658000.0,403100.0,10170.0,199400.0,387800.0
970,939.59537,11.6042,11.3071,11.841,2937000.0,387800.0,6167.0,142100.0,208000.0
971,934.63994,11.6077,11.3211,11.8461,3375000.0,403000.0,8462.0,190700.0,311600.0
