row ID,row m/z,row retention time,row ion mobility,row ion mobility unit,row CCS,correlation group ID,annotation network number,best ion,auto MS2 verify,identified by n=,partners,neutral M mass,DPT-D-60m.mzML Peak area,DPT-H-60m.mzML Peak area,DPT-M-60m.mzML Peak area,DPT-R-60m.mzML Peak area,
119,630.8827315847851,3.069848,,,,,,,,,,,1027.8833,3286.9292,34.599503,0,
120,468.2307910786723,3.0133593,,,,,,,,,,,36.797787,3143.832,0,46.321667,
121,585.375771464011,3.0855858,,,,,,,,,,,18131.209,10769.17,758.60077,9947.992,
123,541.3483341691503,3.135526,,,,,,,,,,,3503.2976,5934.072,433.1389,1737.8921,
124,760.8815657991205,3.1628056,,,,,,,,,,,461.7972,6609.0293,54.196426,79.059425,
125,487.3066184712866,3.2134314,,,,,,,,,,,292.85016,2648.195,0,0,
126,611.3184758990786,3.2633955,,,,,,,,,,,2339.5398,492.7021,49.430424,0,
127,608.8219102376827,3.2660403,,,,,,,,,,,4364.425,229.994,34.330994,42.634377,
129,786.1658927088461,3.3566477,,,,,,,,,,,53746.9,39992.69,30077.115,23225.344,
130,875.5444950311236,3.3640087,,,,,,,,,,,5830.1196,1853.4747,0,0,
135,551.300927121609,3.5249872,,,,,,,,,,,298.16034,2987.3855,284.57428,327.92432,
138,457.1126688222936,3.436479,,,,,,,,,,,7168.601,19633.904,4460.941,2924.062,
139,500.3152509404199,3.4517152,,,,,,,,,,,3235.5344,126.69691,55.18599,0,
140,926.9512526261441,3.5217185,,,,,,,,,,,6774.6636,2305.2583,146.07619,65.95979,
144,471.355088274437,3.5015159,,,,,,,,,,,2811.957,2762.409,3260.0356,3363.1326,
145,640.8377403758656,3.3927882,,,,,,,,,,,5253.4907,39.057465,28.20945,0,
148,416.286146798138,3.5250494,,,,,,,,,,,34567.965,28186.139,39596.223,38040.87,
150,766.4042191874687,3.5147238,,,,,,,,,,,2806.9548,113.33222,116.089554,53.93107,
151,447.28609226741247,3.5250494,,,,,,,,,,,14831.613,12459.308,16876.178,16620.506,
152,520.8044759923304,3.5505648,,,,,,,,,,,622.42615,8700.737,0,0,
154,402.23438932980986,3.5737755,,,,,,,,,,,38790.945,38007.1,43535.227,45661.52,
155,430.26505149952305,3.5737755,,,,,,,,,,,21976.45,23617.57,29291.402,28619.121,
157,953.3703702201834,3.6586494,,,,,,,,,,,4964.771,76.23696,171.136,0,
159,421.16865823279664,3.6292841,,,,,,,,,,,3995.8206,4930.508,4499.66,3907.8042,
160,416.21346324648886,3.6292841,,,,,,,,,,,7754.8745,9132.4375,9157.797,9981.702,
162,414.2337549752432,3.6400728,,,,,,,,,,,9002.93,8045.9233,12983.282,10671.076,
164,415.2544435136013,3.6648324,,,,,,,,,,,49670.164,42346.973,55486.34,52993.316,
165,432.2812661451736,3.6648324,,,,,,,,,,,243419.8,214064.12,272594.06,261038.3,
166,460.31223438039575,3.6648324,,,,,,,,,,,42652.242,35669.387,46154.953,43246.44,
167,437.2363959388863,3.6684303,,,,,,,,,,,5263.326,4018.4243,6353.761,4768.093,
168,529.4022805758053,3.7061386,,,,,,,,,,,37.047573,6434.7646,63.649635,0,
169,563.2974030452622,3.6828952,,,,,,,,,,,20309.822,19220.484,24774.121,23271.21,
170,475.2811580133239,3.7018294,,,,,,,,,,,72008.52,66501.01,82163.6,84812.49,
172,429.2339207478513,3.7149227,,,,,,,,,,,5964.75,5291.3027,6373.796,6788.6235,
173,446.26060495974957,3.7149227,,,,,,,,,,,30949.098,30903.379,37532.656,37714.453,
174,460.23979629824385,3.7676494,,,,,,,,,,,8619.482,9450.369,9838.228,11146.329,
175,460.2845717586194,3.7811654,,,,,,,,,,,8248.099,7147.0723,8499.421,8913.21,
176,458.26026858978804,3.7811654,,,,,,,,,,,8928.471,8594.871,9366.087,11297.818,
177,459.2806300735723,3.7811654,,,,,,,,,,,50114.227,41110.645,49527.61,53086.87,
178,476.3075561658331,3.7811654,,,,,,,,,,,292106.78,255221.61,302108.97,313677.34,
179,504.3386360064122,3.7811654,,,,,,,,,,,35735.344,32366.098,37346.81,39637.38,
180,430.2258175984805,3.7811654,,,,,,,,,,,8903.655,11057.657,6404.36,14541.103,
183,881.4984070877671,3.842427,,,,,,,,,,,226.95525,183.03845,14026.541,151.03168,
187,400.25476667740594,3.824388,,,,,,,,,,,158685.95,151291.14,151123.86,172262.38,
188,490.2867199465945,3.838814,,,,,,,,,,,45627.633,42131.477,44543.83,47205.414,
189,518.3180145636389,3.838814,,,,,,,,,,,10397.966,9468.047,10586.874,11281.135,
190,503.2760827996257,3.838814,,,,,,,,,,,112052.15,110722.3,120686.016,133093.98,
191,473.259886955742,3.838814,,,,,,,,,,,4271.9995,3837.6353,4450.2344,4938.4814,
194,931.5828758975855,3.920826,,,,,,,,,,,105.594826,0,272.3099,11206.027,
197,414.23203702749004,3.8811808,,,,,,,,,,,16020.018,13618.006,15818.715,17963.076,
199,520.3340887984363,3.8955662,,,,,,,,,,,266162.72,229144.03,273804.53,288682.22,
200,548.3650880573425,3.8955662,,,,,,,,,,,23045.898,19658.615,24892.822,25139.004,
201,734.8595550480035,3.9703574,,,,,,,,,,,4139.1836,113.35452,116.66995,46.727497,
202,474.2551998582907,3.9099755,,,,,,,,,,,6256.2715,6574.821,7363.6133,7676.2725,
203,503.30739538888025,3.8955662,,,,,,,,,,,21260.51,52017.414,19308.5,19889.494,
204,414.27021769579767,3.930729,,,,,,,,,,,3573.9543,3436.2966,8893.168,6796.1274,
205,562.343983345206,3.9450924,,,,,,,,,,,4406.0444,3779.415,4524.454,4865.393,
206,534.3130205451275,3.9450924,,,,,,,,,,,33252.918,34832.508,34711.863,36241.22,
211,416.24962951130533,3.9667034,,,,,,,,,,,958542.1,863218.44,968631.75,1026194.3,
212,591.2922223559171,3.8820837,,,,,,,,,,,19952.564,19724.564,21439.53,23022.135,
213,444.2809515208768,3.9667034,,,,,,,,,,,125696.11,132481.84,144109.02,132209.58,
214,421.2047592945411,3.9702997,,,,,,,,,,,18943.5,15204.467,18928.746,17867.148,
215,564.36015737129,3.9954987,,,,,,,,,,,218323.42,186459.33,229789.67,239844.28,
216,592.3911052264007,3.9954987,,,,,,,,,,,14082.563,12407.197,15675.797,14223.55,
217,547.333452849216,3.9954987,,,,,,,,,,,13086.529,11161.133,13570.322,13892.142,
219,548.2921151075998,3.9991026,,,,,,,,,,,7159.2354,6467.051,7233.6543,9064.477,
221,419.1584241189714,4.0820017,,,,,,,,,,,1812.56,5870.7236,1266.6932,462.51672,
222,464.22855362050666,4.060349,,,,,,,,,,,680.1471,34852.1,665.93787,757.5089,
223,416.2858892319549,4.1648464,,,,,,,,,,,17306.15,13218.371,8549.641,17121.312,
225,531.2712008048655,4.020726,,,,,,,,,,,61054.184,63884.027,68892.74,78492.1,
226,518.2816113836119,4.0243382,,,,,,,,,,,9196.477,6086.4736,9631.583,8231.996,
227,430.22917517156975,4.0279303,,,,,,,,,,,34424.656,33475.758,38603.504,41155.117,
229,458.25953536167856,4.0315237,,,,,,,,,,,15934.205,12911.211,17360.678,16048.582,
231,749.5174101149767,4.0819902,,,,,,,,,,,126.41696,8829.041,126.85297,141.84511,
232,578.3393561998099,4.0423107,,,,,,,,,,,18871.904,21076.115,18686.54,19807.428,
236,591.359599531083,4.0855517,,,,,,,,,,,7431.112,5969.0747,7182.3965,7003.7495,
237,901.9406584548124,4.164236,,,,,,,,,,,0,222.81053,26992.105,240.7414,
238,608.386126070886,4.0855517,,,,,,,,,,,174395.88,139812.81,173621.69,166784.67,
239,636.4172548573248,4.0855517,,,,,,,,,,,8275.041,7003.484,7695.828,7744.9985,
241,415.2541987500488,4.08913,,,,,,,,,,,37885.203,29628.334,38083.074,38281.53,
242,443.24929037894947,4.08913,,,,,,,,,,,112598.086,97317.54,117951.53,121385.17,
243,460.27589772900575,4.08913,,,,,,,,,,,1212166.4,1121550.9,1256598.0,1349982.2,
244,465.23127565896857,4.0927544,,,,,,,,,,,17569.445,14924.1875,17296.336,16134.227,
245,488.3073144443985,4.0927544,,,,,,,,,,,116349.18,110937.43,128326.75,128408.23,
246,463.2837965246686,4.0927544,,,,,,,,,,,5728.009,5049.613,6447.894,6302.575,
248,460.3105489311227,4.1035466,,,,,,,,,,,13109.681,12939.203,16108.176,13717.52,
251,622.3656494371236,4.135971,,,,,,,,,,,12856.93,13133.528,14629.977,15084.974,
252,551.3366662394191,4.304625,,,,,,,,,,,8319.602,7238.178,9003.3955,9716.725,
253,619.2872706204397,4.143194,,,,,,,,,,,13904.801,21463.979,24545.006,26099.195,
255,474.2553607133118,4.1576204,,,,,,,,,,,45524.59,44230.836,51948.992,55236.562,
256,502.2865444803039,4.161249,,,,,,,,,,,7359.9487,9345.867,10581.073,11390.794,
259,652.412549270141,4.168457,,,,,,,,,,,106133.445,86625.484,113683.625,114051.945,
260,448.2335161003888,4.1828146,,,,,,,,,,,19022.54,15639.145,51020.81,47797.25,
263,487.27555185555724,4.20425,,,,,,,,,,,82326.59,71509.63,88437.836,93019.375,
264,504.30214777224825,4.20425,,,,,,,,,,,1381401.4,1232351.6,1479259.9,1532108.1,
265,532.3333207264479,4.20425,,,,,,,,,,,92303.89,85965.3,100505.08,109449.13,
266,509.25743663347873,4.207823,,,,,,,,,,,15759.991,13578.176,15649.672,16652.691,
267,507.3103787078323,4.20425,,,,,,,,,,,9051.831,7261.0537,9306.371,9356.353,
268,504.340226536778,4.2113633,,,,,,,,,,,8703.267,7143.158,10181.693,10056.296,
269,420.23850365304054,4.0315237,,,,,,,,,,,8802.286,7755.7397,8918.872,8697.449,
270,666.3911435967198,4.218419,,,,,,,,,,,10081.427,9711.807,11436.385,13738.662,
276,619.323312419713,4.236274,,,,,,,,,,,19090.438,20448.668,22351.232,24853.121,
277,696.4384238855417,4.243493,,,,,,,,,,,46903.387,35079.53,46823.98,46117.586,
278,531.3048595916418,4.275934,,,,,,,,,,,97013.54,87341.62,100274.63,111694.54,
279,518.2816075137728,4.268667,,,,,,,,,,,47441.816,45956.902,52968.74,58149.797,
281,435.2205464864165,4.286666,,,,,,,,,,,18069.021,16344.213,16429.838,16801.777,
283,548.3286799498349,4.304625,,,,,,,,,,,1193219.0,1046072.75,1153540.1,1253691.4,
285,503.3079019846625,4.304625,,,,,,,,,,,8053.2197,5812.9424,6449.8887,9049.583,
286,553.2835084619066,4.3082333,,,,,,,,,,,13430.691,11657.691,12084.369,14270.242,
287,576.3596300287468,4.3082333,,,,,,,,,,,70209.37,61325.496,64899.82,74904.67,
288,414.2702390118677,4.121567,,,,,,,,,,,9767.146,6777.223,12221.345,6263.0513,
289,443.28546176612775,4.3190527,,,,,,,,,,,35230.293,34326.402,35996.64,39787.48,
290,460.3116965976148,4.315465,,,,,,,,,,,35049.016,31346.627,35147.953,37917.617,
291,740.4646647453693,4.3190527,,,,,,,,,,,9489.518,5716.7837,7575.8633,8356.266,
292,622.3006087736627,4.3262563,,,,,,,,,,,1087.3859,25580.602,9003.223,1011.4977,
293,481.1849375907068,4.3262563,,,,,,,,,,,1411.209,14996.969,6212.8926,4137.1294,
294,559.3020284557084,4.3478513,,,,,,,,,,,25564.39,26955.996,25632.422,31086.729,
295,432.28966170449826,4.404787,,,,,,,,,,,4756.727,16756.008,6159.5923,19602.29,
296,562.3076335717022,4.3728566,,,,,,,,,,,48673.61,49477.695,50422.84,54290.64,
298,405.1731673757866,4.379898,,,,,,,,,,,55184.43,41250.73,41021.51,52626.13,
300,400.21812599750086,4.379898,,,,,,,,,,,1911548.1,1970210.5,1666566.0,2105044.5,
301,428.24938423786625,4.379898,,,,,,,,,,,241398.47,249036.7,212796.25,232201.17,
302,562.3437265111183,4.5006323,,,,,,,,,,,18639.125,20875.2,6082.8887,8661.661,
304,575.3279436606504,4.39764,,,,,,,,,,,29379.95,26700.812,27544.066,29871.479,
305,592.3546620578843,4.39764,,,,,,,,,,,960966.56,889828.1,862190.9,974653.7,
306,620.3856263267471,4.39764,,,,,,,,,,,47868.98,43514.57,44186.492,45937.664,
307,476.22824512458067,4.4048004,,,,,,,,,,,26630.992,23200.654,19208.645,28328.684,
308,597.3095503642543,4.39764,,,,,,,,,,,10516.215,10846.946,10330.956,10918.712,
309,532.3695960069581,4.415527,,,,,,,,,,,16225.415,15478.79,14971.254,16648.412,
311,487.31164050502207,4.4190125,,,,,,,,,,,52121.875,48325.965,41745.027,52098.92,
312,504.33825429276493,4.4190125,,,,,,,,,,,54472.434,51579.984,46505.22,55390.555,
313,647.3183192658461,4.425942,,,,,,,,,,,10617.561,12337.645,9939.836,11791.187,
314,448.26887876749436,4.4402256,,,,,,,,,,,8816.791,7873.968,8003.8135,9685.833,
316,950.3743404264524,4.5079937,,,,,,,,,,,266.42926,345.59985,7880.0684,694.85254,
317,843.1402993928544,4.515027,,,,,,,,,,,216.01276,220.92593,1038.8896,30536.479,
318,606.3337995367993,4.461811,,,,,,,,,,,37872.92,40730.883,36659.004,41867.492,
319,418.25104956632026,4.5471787,,,,,,,,,,,201.475,11790.366,307.40054,309.7602,
320,434.31170921434045,4.4653873,,,,,,,,,,,4183.7383,27869.514,2522.2302,10396.522,
321,574.3072365935645,4.486788,,,,,,,,,,,22266.654,4162.271,2687.8267,2524.1843,
322,619.3539394060128,4.483263,,,,,,,,,,,19288.676,16915.02,17788.285,19150.521,
323,636.380741712481,4.483263,,,,,,,,,,,724243.8,677426.6,652032.7,722191.06,
324,664.4117186920246,4.483263,,,,,,,,,,,24864.771,28173.352,28765.443,28289.934,
325,606.3700499819431,4.67228,,,,,,,,,,,43593.01,37528.633,37762.67,40096.996,
329,427.21773579622595,4.5041647,,,,,,,,,,,25101.129,26134.654,24067.752,26285.85,
330,444.2443560101728,4.5041647,,,,,,,,,,,2406704.2,2515704.8,2378400.8,2600043.5,
331,472.2755651587314,4.5041647,,,,,,,,,,,158760.34,169093.45,159697.62,175244.17,
332,531.3378666618665,4.5041647,,,,,,,,,,,44307.332,45005.82,40791.6,46389.99,
333,576.3954310292686,4.5041647,,,,,,,,,,,15893.301,17690.266,16147.353,18130.182,
334,449.1992599737781,4.5041647,,,,,,,,,,,28776.297,28058.957,25964.986,39774.746,
335,548.3639756266857,4.5075626,,,,,,,,,,,80523.016,80196.35,74688.09,86091.25,
336,650.360285382006,4.543339,,,,,,,,,,,33504.48,36840.703,34145.355,37408.94,
337,680.4072798016932,4.5577517,,,,,,,,,,,370286.12,288936.53,323934.16,326868.84,
339,460.7354159865157,4.5151463,,,,,,,,,,,84.94212,973.32996,15339.211,5281.173,
341,575.3645276125329,4.5865507,,,,,,,,,,,31014.4,33009.008,30993.352,34559.984,
342,562.3440146249742,4.597227,,,,,,,,,,,31738.998,31513.102,28738.61,33355.055,
343,448.23333315673494,4.454612,,,,,,,,,,,94020.164,75943.51,37285.785,44204.273,
344,476.26430086370686,4.5901256,,,,,,,,,,,38185.984,33494.965,34919.3,37424.355,
345,592.3907215750708,4.6006618,,,,,,,,,,,111601.49,110722.76,107199.94,118141.08,
347,491.278549214775,4.611266,,,,,,,,,,,16288.709,17567.19,15598.971,18946.37,
348,476.22845981620446,4.6077547,,,,,,,,,,,624848.06,583562.0,569850.8,573670.3,
349,493.2257660629065,4.611266,,,,,,,,,,,24174.33,23722.371,20856.203,30607.262,
350,650.3961429709749,4.7115717,,,,,,,,,,,32849.1,28515.02,13494.196,30419.209,
351,443.24902908629093,4.6147637,,,,,,,,,,,37073.598,36738.95,35789.312,40049.703,
352,471.2439620543176,4.6147637,,,,,,,,,,,25647.822,27214.033,23714.664,26707.852,
353,488.27074814145993,4.6147637,,,,,,,,,,,2535952.2,2674247.2,2534339.2,2718543.0,
354,516.3019152657096,4.6147637,,,,,,,,,,,111490.43,121076.945,103720.03,111806.44,
355,694.3862407551962,4.618287,,,,,,,,,,,24035.588,21220.496,23795.889,22643.76,
357,724.4330362306605,4.6289706,,,,,,,,,,,99016.586,70998.03,89830.93,85652.77,
358,619.3908826398385,4.6542544,,,,,,,,,,,18727.568,16058.582,17223.424,15951.334,
360,636.4170047324005,4.690113,,,,,,,,,,,115412.71,103262.17,106786.65,108214.37,
361,576.3606107656088,4.6902437,,,,,,,,,,,40187.12,40397.89,29482.207,37630.457,
362,768.4590148691485,4.693786,,,,,,,,,,,13348.763,10549.053,11468.6455,10323.829,
363,481.1846237112934,4.700874,,,,,,,,,,,22387.742,8769.176,5285.212,14007.135,
364,535.3047157969181,4.7079315,,,,,,,,,,,19323.652,20426.879,16404.984,19190.285,
365,515.2702922735778,4.7079315,,,,,,,,,,,22786.787,23963.639,19976.963,21310.521,
366,532.2971219675467,4.7079315,,,,,,,,,,,2190996.5,2395068.8,2159829.5,2164538.5,
367,487.2754058011214,4.7114644,,,,,,,,,,,19517.188,22866.38,18799.906,17971.586,
368,560.3279681451706,4.7114644,,,,,,,,,,,79146.1,85203.57,78373.79,79543.05,
369,537.2518253237154,4.7114644,,,,,,,,,,,21856.412,17287.912,16376.666,15907.712,
372,416.30071589708524,4.643696,,,,,,,,,,,25932.209,10487.246,5425.567,42149.094,
373,680.4431966532794,4.7329507,,,,,,,,,,,62567.016,50003.23,52212.617,49305.73,
375,620.387000051956,4.758194,,,,,,,,,,,43361.24,48415.58,36533.586,42740.67,
377,681.9098631699502,4.822773,,,,,,,,,,,241.8365,162.29872,18105.65,242.68353,
378,681.9541124242519,4.855069,,,,,,,,,,,479.65988,70.68392,20753.541,243.54877,
379,714.2798755876821,4.7942653,,,,,,,,,,,694.76154,189.89545,23864.611,219.44934,
381,789.4163154517744,4.8444467,,,,,,,,,,,777.5134,265.4155,45358.812,1276.141,
382,833.1583809079237,4.815581,,,,,,,,,,,669.9689,434.4903,32350.25,223.86435,
384,559.2968275563638,4.797503,,,,,,,,,,,19267.371,23293.395,19772.025,19830.438,
385,576.3234514205081,4.797503,,,,,,,,,,,1608319.6,2002329.6,1679564.1,1613475.2,
386,604.3543473611212,4.797503,,,,,,,,,,,54795.68,61582.81,52950.625,57217.223,
387,833.1031125869945,4.797477,,,,,,,,,,,811.2066,425.1639,25256.393,382.05353,
388,882.2217490386704,4.8082294,,,,,,,,,,,340.8435,288.21677,25510.656,736.3939,
389,504.2594920598451,4.801031,,,,,,,,,,,26061.72,27115.562,24096.297,21706.543,
390,575.2609596158911,4.8117642,,,,,,,,,,,22708.193,10586.456,11916.686,15540.808,
391,789.3737288623023,4.804742,,,,,,,,,,,269.154,321.09833,40642.36,363.9377,
392,789.4709039819381,4.887356,,,,,,,,,,,288.2331,369.70715,37192.965,359.75366,
393,800.7827495526966,4.79043,,,,,,,,,,,270.29053,180.73456,215.06744,16734.877,
394,664.4120262357386,4.8261867,,,,,,,,,,,32576.531,28123.447,28723.59,26728.535,
395,504.2233615259747,4.862225,,,,,,,,,,,180871.62,575866.9,278073.78,238029.06,
396,724.4694259274772,4.8334,,,,,,,,,,,19021.64,16861.727,11059.089,25728.854,
397,476.2644466483911,4.8586164,,,,,,,,,,,50821.4,52394.723,39903.16,42950.668,
399,711.8410168042484,4.840863,,,,,,,,,,,204.56694,14341.028,319.31927,187.26965,
400,603.3228611339805,4.872787,,,,,,,,,,,20063.637,22824.842,16838.812,20894.506,
401,620.3496034010891,4.872787,,,,,,,,,,,1382458.9,1634824.9,1321485.6,1422273.8,
402,648.3805991176135,4.872787,,,,,,,,,,,41994.53,47495.574,39895.098,44918.9,
403,625.304529163604,4.8763595,,,,,,,,,,,13395.115,14244.01,11784.343,15050.506,
404,520.2184518229913,5.0743427,,,,,,,,,,,44810.72,44990.137,21901.959,58936.51,
405,708.4379137702704,4.8871164,,,,,,,,,,,16946.604,12538.798,11820.191,11361.399,
406,996.6012761470461,4.8619766,,,,,,,,,,,552.6488,374.2386,8685.177,440.19962,
407,650.3961331612459,4.736606,,,,,,,,,,,43167.203,30508.951,29699.484,27535.309,
408,925.6366178913763,4.8692765,,,,,,,,,,,696.8859,252.20824,13089.775,803.40643,
409,996.8332402947381,4.9268785,,,,,,,,,,,363.99133,321.89453,8927.701,758.0639,
410,996.914085680825,4.967768,,,,,,,,,,,911.63684,0,13544.48,374.8452,
412,653.694270179213,4.944797,,,,,,,,,,,363.30225,97.01298,16806.016,136.58109,
413,520.2545937143854,4.937573,,,,,,,,,,,9153.696,9210.21,6995.678,8819.686,
414,751.5047888148616,4.88717,,,,,,,,,,,518.55493,591.7223,67273.734,286.86444,
415,790.895066897849,4.9879837,,,,,,,,,,,280.055,369.36783,53876.527,310.92712,
416,790.9403131358524,4.9699335,,,,,,,,,,,332.30316,235.05605,32806.88,335.66394,
417,791.0503392015906,4.9952116,,,,,,,,,,,596.2071,310.94934,40858.582,273.3621,
418,834.775199092225,4.9663796,,,,,,,,,,,1049.9802,615.00354,49913.953,619.6681,
419,834.8845132042618,4.923291,,,,,,,,,,,465.12842,635.20056,50352.56,789.6497,
422,669.3308733761953,4.9447584,,,,,,,,,,,9171.526,8812.494,6507.369,7989.1206,
423,664.3759835351116,4.9447584,,,,,,,,,,,866912.1,832680.3,605910.56,818221.94,
424,647.3489767059734,4.9447584,,,,,,,,,,,14328.772,12574.295,9370.764,13075.342,
425,692.4070298998035,4.9447584,,,,,,,,,,,26537.188,22108.178,14390.448,22819.553,
426,751.4033428739137,4.9735746,,,,,,,,,,,854.47284,204.02179,39820.242,451.01367,
427,751.4417043378834,4.91597,,,,,,,,,,,816.0238,212.8794,44917.07,588.41327,
428,790.9979307390583,5.016797,,,,,,,,,,,448.09982,230.08673,45389.13,250.44524,
430,476.228514249952,4.9987288,,,,,,,,,,,286810.56,275649.1,43327.664,261161.66,
431,466.19953668429974,5.03116,,,,,,,,,,,51758.61,51032.3,17259.03,47908.684,
432,505.2632166983593,5.009611,,,,,,,,,,,94101.45,93886.44,18846.824,62328.727,
433,504.25984540508557,5.009611,,,,,,,,,,,314788.88,310956.0,61317.816,294555.72,
434,708.4024185340131,5.009611,,,,,,,,,,,259379.34,225882.61,122755.984,213151.23,
437,568.7669757593211,5.02407,,,,,,,,,,,7980.7524,2279.422,4765.324,24323.078,
439,864.0601977970753,5.013293,,,,,,,,,,,464.7248,176.92949,1695.5931,198.15097,
440,752.42833045247,5.067317,,,,,,,,,,,75208.28,73098.336,65254.33,69157.27,
442,822.8601734770047,5.102893,,,,,,,,,,,598.7334,170.96461,31758.363,226.29958,
443,868.5126359864838,5.081625,,,,,,,,,,,392.38477,281.79065,59861.37,407.19287,
444,919.5468264202706,5.0887175,,,,,,,,,,,503.84753,276.49237,35915.926,312.02063,
445,977.1444990886314,5.0383897,,,,,,,,,,,228.43042,356.97876,21609.746,269.65515,
448,781.7152701380629,5.120862,,,,,,,,,,,768.9892,160.6885,17281.05,305.40027,
449,781.8250046888838,5.0383315,,,,,,,,,,,434.52924,788.02106,19334.117,439.1429,
450,868.463732963389,5.1243815,,,,,,,,,,,822.62286,147.0305,27394.926,462.873,
451,520.2184719309263,5.117349,,,,,,,,,,,102938.14,102847.375,48861.793,98445.055,
452,883.8801127503782,4.9806166,,,,,,,,,,,953.0618,336.48724,35680.316,886.4663,
453,883.9449962569249,4.977194,,,,,,,,,,,791.0915,236.93842,46037.363,280.0802,
455,977.0152824594916,5.0740147,,,,,,,,,,,375.23514,241.09998,36604.67,308.87744,
456,796.4540923160246,5.1243134,,,,,,,,,,,42091.4,28863.512,32802.39,43917.414,
459,560.7692470370155,5.1279297,,,,,,,,,,,593699.2,213189.7,521391.6,772104.4,
460,481.1848815086956,5.1279297,,,,,,,,,,,225299.08,83895.23,165796.92,284458.2,
462,834.9434180518014,4.9160824,,,,,,,,,,,651.7794,338.02243,34044.613,215.69562,
463,919.4834993381508,5.0992694,,,,,,,,,,,373.30756,178.23148,49890.63,822.1669,
464,1120.5312490421813,5.1314354,,,,,,,,,,,253366.06,92075.73,406640.56,326721.62,
465,640.353226357856,5.1314354,,,,,,,,,,,124949.125,42074.91,104563.805,157354.22,
467,790.9403638437021,4.991519,,,,,,,,,,,332.30316,235.05605,14723.177,335.66394,
468,834.8856564953891,5.195976,,,,,,,,,,,372.59247,347.24432,12485.745,789.6497,
470,790.9996339144836,5.1168485,,,,,,,,,,,448.09982,230.08673,18028.414,390.28052,
471,834.9930883074371,5.102438,,,,,,,,,,,653.31836,915.0115,15737.097,636.03674,
474,603.2922234899753,5.0809507,,,,,,,,,,,12540.858,12926.083,4123.6416,10937.266,
475,751.4004075911143,5.210012,,,,,,,,,,,377.53583,142.28908,13636.507,451.01367,
476,504.22339733944125,5.1993356,,,,,,,,,,,1855915.2,1944968.9,1435302.5,1892941.5,
477,505.22662711090106,5.1993356,,,,,,,,,,,423073.44,444928.16,320763.12,547223.1,
480,416.3009154845746,5.049022,,,,,,,,,,,29512.838,7373.4287,2350.8677,8502.111,
481,781.7644581291795,5.0562634,,,,,,,,,,,926.4342,488.15906,21728.424,187.3088,
483,532.2549231782148,5.2208767,,,,,,,,,,,282656.2,310550.38,215248.78,301041.5,
484,533.2581652437884,5.2208767,,,,,,,,,,,91131.43,96241.01,67902.84,91157.98,
485,451.2703778245674,5.224409,,,,,,,,,,,10659.294,11027.635,6228.9253,13838.4375,
487,919.607756368419,5.1533084,,,,,,,,,,,540.6332,224.89896,30053.115,708.9564,
489,430.2227466895897,5.2495127,,,,,,,,,,,14369.806,18979.186,4952.018,13566.199,
491,473.2836753251146,5.267592,,,,,,,,,,,15842.127,11120.801,6782.08,15037.686,
492,448.23316831346875,5.3101435,,,,,,,,,,,49310.74,119688.86,44741.4,100616.72,
496,596.7799807383211,5.3177795,,,,,,,,,,,18164.748,15111.671,17087.398,16480.266,
498,919.6635055718361,5.3387194,,,,,,,,,,,633.68225,541.57574,12309.099,260.534,
499,532.2187886000115,5.3387413,,,,,,,,,,,2136444.2,2275969.5,2066380.0,2287338.5,
500,533.2219236899972,5.3387413,,,,,,,,,,,635750.5,677875.4,611278.8,684610.2,
501,504.2595145227109,5.342288,,,,,,,,,,,154085.39,146248.22,131689.42,149218.5,
502,505.2628771808904,5.342288,,,,,,,,,,,46605.617,42219.625,37168.82,41050.605,
504,403.17517887079964,5.3101435,,,,,,,,,,,3717.4446,12301.008,6377.0684,8627.855,
505,480.27472714474277,5.3140144,,,,,,,,,,,847.2903,80.232544,5743.214,34986.324,
506,466.19940425535293,5.381579,,,,,,,,,,,52513.746,44635.61,43736.215,50731.344,
507,919.5420486376516,5.3390293,,,,,,,,,,,719.9484,265.20422,13130.282,222.83575,
508,440.3009476798625,5.3714137,,,,,,,,,,,6985.834,43803.18,41371.05,43201.914,
510,494.23064270968985,5.3991694,,,,,,,,,,,32359.73,25438.488,26717.389,27298.018,
512,548.2484837181518,5.413494,,,,,,,,,,,30991.854,31134.445,34516.242,32965.195,
513,417.2250731830051,5.3999405,,,,,,,,,,,1813.3561,39367.305,4447.539,16415.26,
514,868.4584650032891,5.392056,,,,,,,,,,,495.54733,865.3439,9079.781,261.94904,
515,548.2132441577384,5.4563446,,,,,,,,,,,100306.83,108774.055,99624.016,108968.48,
516,458.21752719102574,5.459956,,,,,,,,,,,41668.64,39333.414,34423.39,42914.637,
517,462.2211682157896,5.4742584,,,,,,,,,,,157.70276,12207.575,576.1098,7359.7246,
518,412.27335876577246,5.4882174,,,,,,,,,,,4837.932,2094.9197,752.9508,57386.523,
519,430.28419066566073,5.5519867,,,,,,,,,,,1441.3282,980.73944,936.32275,187447.0,
520,466.3117289677155,5.4664383,,,,,,,,,,,60.162434,242.01746,0,49366.27,
523,532.2546872591506,5.495694,,,,,,,,,,,1028456.06,1076386.1,965290.06,1123000.6,
524,533.257983573028,5.495694,,,,,,,,,,,319462.56,335409.97,303551.72,349233.06,
525,822.8584963775471,5.317231,,,,,,,,,,,598.7334,237.4526,11839.219,218.85858,
526,496.2689973724068,5.4809165,,,,,,,,,,,59439.88,122.16591,19553.725,32505.398,
527,478.26336202806226,5.5163817,,,,,,,,,,,24122.129,990.0067,6603.691,25242.229,
528,514.2843639492467,5.462999,,,,,,,,,,,35359.38,98.71593,10890.443,33252.79,
529,531.3090317891965,5.4984884,,,,,,,,,,,29978.63,2506.1963,11857.065,12890.797,
530,422.21756644902325,5.5304117,,,,,,,,,,,33689.96,16549.79,18574.967,18696.2,
531,428.16488609227144,5.533971,,,,,,,,,,,31192.908,30661.354,26596.234,32497.04,
532,440.2493156266912,5.544752,,,,,,,,,,,26088.725,28026.926,23110.91,28517.713,
536,448.29465997334506,5.580992,,,,,,,,,,,1340.8606,1524.9303,1027.2657,51068.08,
537,494.194553016036,5.5518274,,,,,,,,,,,358960.38,363663.47,320465.56,382373.34,
538,883.8792221171732,5.5162582,,,,,,,,,,,457.8588,116.41974,12377.724,246.5792,
539,947.9815193150091,5.53779,,,,,,,,,,,388.10547,203.40501,10682.229,652.7713,
542,419.2405051134142,5.5804167,,,,,,,,,,,1284.3912,33580.58,4676.1514,12285.089,
544,428.2702000746265,5.5700293,,,,,,,,,,,1085.7988,171.30742,809.3503,52525.867,
545,446.2826997364883,5.5697775,,,,,,,,,,,115.582016,452.58902,151.16634,92882.56,
546,464.2894254128755,5.68435,,,,,,,,,,,3187.4736,3263.7407,2425.9119,419869.7,
547,440.30093712960416,5.523901,,,,,,,,,,,5288.897,24076.79,14225.929,44833.816,
548,484.27567101472096,5.598389,,,,,,,,,,,23960.527,26009.746,21170.277,26160.56,
549,522.2259987110535,5.601996,,,,,,,,,,,27288.184,27813.04,23684.68,28515.238,
551,526.2623889657003,5.6846094,,,,,,,,,,,536.12695,268.67856,684.1546,16370.704,
555,528.3020948000471,5.652444,,,,,,,,,,,22915.836,25717.121,20366.637,26693.615,
561,560.2497253622489,5.69523,,,,,,,,,,,1291769.0,1386115.1,1244077.4,1389221.4,
562,572.3277755717735,5.69523,,,,,,,,,,,19296.39,17187.793,16991.037,17194.96,
565,522.189716609088,5.7275057,,,,,,,,,,,415416.72,476777.9,393438.25,449274.62,
566,518.2757318799552,5.7311134,,,,,,,,,,,26325.129,31491.201,23801.992,27541.125,
567,494.2306272246672,5.7454906,,,,,,,,,,,21452.438,19298.455,18487.035,19950.15,
572,442.31691688995846,5.5767994,,,,,,,,,,,1450.0641,33217.69,4965.798,14939.531,
573,576.2448186157472,5.795904,,,,,,,,,,,35186.176,44851.293,38302.19,43781.766,
574,462.27467436103876,5.702794,,,,,,,,,,,933.5018,349.59396,365.51584,31341.346,
575,577.2482044688757,5.795904,,,,,,,,,,,12320.238,12995.24,11684.072,11071.657,
577,440.3010316166269,5.8031034,,,,,,,,,,,741.40955,21429.416,20269.465,75562.2,
581,400.30606212019586,5.8535056,,,,,,,,,,,78137.36,94524.96,46348.39,154247.97,
583,567.7589431675455,5.878689,,,,,,,,,,,35086.746,1593.8293,2905.5017,13060.701,
584,1134.5152583847926,5.885914,,,,,,,,,,,28307.11,309.22046,739.4381,9099.517,
586,935.3237377244795,5.835502,,,,,,,,,,,125.48244,26311.334,254.22589,384.62402,
587,522.2259595969117,5.89671,,,,,,,,,,,185763.4,194256.81,175547.72,194251.72,
589,497.1847979439584,5.8823605,,,,,,,,,,,14963.932,919.41486,3087.0542,42141.63,
590,640.3530333056284,5.914744,,,,,,,,,,,10780.077,554.8838,1643.5942,34935.105,
591,546.2702435192318,5.9111347,,,,,,,,,,,35198.23,15152.999,32673.682,33736.973,
592,568.7663188310373,5.9111347,,,,,,,,,,,44298.258,1726.1431,7130.469,140018.33,
593,1136.526367465133,5.9111347,,,,,,,,,,,69168.984,2862.418,14836.412,225408.75,
602,550.2208856821742,6.0842075,,,,,,,,,,,205109.47,193458.92,192194.55,213885.66,
603,414.29252903273346,6.004868,,,,,,,,,,,4192.5117,8611.225,357.8763,33574.26,
604,412.2805979214086,6.066156,,,,,,,,,,,1162.8055,42365.434,1134.169,285836.0,
605,466.3166028049427,6.0985727,,,,,,,,,,,149.60794,29955.613,707.2491,207449.08,
606,430.2916811104321,6.1381726,,,,,,,,,,,108.120735,17961.006,474.5921,135216.3,
607,448.2981271156521,6.0408974,,,,,,,,,,,736.2383,11884.339,2001.8955,85784.625,
608,488.3026946643434,6.030043,,,,,,,,,,,1100.5125,9348.792,373.7767,58194.49,
609,422.18120403335274,6.1129694,,,,,,,,,,,189964.36,170917.45,179001.84,187373.19,
610,427.1367612015206,6.1129694,,,,,,,,,,,198857.97,179337.28,187250.05,186259.9,
611,450.212633446177,6.1129694,,,,,,,,,,,151900.67,133841.67,156150.67,147209.23,
614,400.3061493446271,6.1236353,,,,,,,,,,,38999.07,72371.195,42291.31,59680.39,
615,533.3258937482883,6.1344657,,,,,,,,,,,91763.734,3442.4941,198911.73,18013.041,
616,462.267627026266,6.1380277,,,,,,,,,,,217030.4,14266.424,436499.3,54488.066,
617,480.27826539514666,6.1380277,,,,,,,,,,,70016.89,4932.1997,153107.36,20712.738,
618,538.2776677455126,6.1595807,,,,,,,,,,,42829.99,5124.0703,89777.43,6546.3296,
619,498.2888839403379,6.1380277,,,,,,,,,,,38438.26,3082.62,85631.42,14754.954,
620,516.3003579003467,6.1380277,,,,,,,,,,,37984.12,5924.6577,72877.71,10579.296,
621,422.2901581519286,6.1883817,,,,,,,,,,,3929.4453,12053.629,4034.6267,40685.09,
622,424.305984503709,6.170355,,,,,,,,,,,15520.374,73714.5,42961.773,93648.58,
624,784.3225853016454,6.1811523,,,,,,,,,,,31841.072,3393.6565,11198.525,10026.399,
626,770.3415789217015,6.3071213,,,,,,,,,,,18897.023,101.35431,4853.834,14280.384,
628,403.24563282891506,6.3035274,,,,,,,,,,,5937.881,16536.562,1386.3533,19393.77,
629,462.23372696382273,6.310749,,,,,,,,,,,10187.717,11427.493,9996.301,11136.04,
631,480.2788447380073,6.3539705,,,,,,,,,,,76924.1,26567.533,341.1126,1976.8057,
632,498.28906640508205,6.321584,,,,,,,,,,,30702.963,11565.896,283.6709,3217.065,
633,515.3112401785854,6.350381,,,,,,,,,,,56404.312,21561.338,53.73793,48.336685,
634,430.28796794299626,6.4332833,,,,,,,,,,,468.35202,63907.945,548.92535,1486.8313,
635,448.2974873622848,6.3575993,,,,,,,,,,,283.12735,74668.54,655.97186,1723.1991,
636,465.33734296191807,6.337976,,,,,,,,,,,384.36908,45444.848,0,735.8036,
637,470.28457865029463,6.3683786,,,,,,,,,,,44.033886,19323.912,117.808014,192.70738,
639,422.29031097630826,6.3575883,,,,,,,,,,,3236.3174,21647.416,4573.203,42421.11,
644,782.3070686340591,6.4729056,,,,,,,,,,,2421.778,19236.8,2008.6091,1654.2831,
646,450.2125496811374,6.4981446,,,,,,,,,,,34303.273,31885.498,30911.04,32281.535,
647,449.3852017126176,6.4945602,,,,,,,,,,,7423.2188,9717.939,7903.6533,8507.5205,
648,583.2554190421723,6.505359,,,,,,,,,,,1821.7155,20865.906,1212.3046,1231.5712,
651,616.1771119159366,6.559422,,,,,,,,,,,5227.835,54848.133,26384.057,18278.688,
654,768.3311229885283,6.6278605,,,,,,,,,,,18646.738,163.1543,5145.606,20501.316,
659,617.9994426046214,6.6640534,,,,,,,,,,,0,675323.56,350.77933,1696.6581,
660,400.3059877996667,6.620571,,,,,,,,,,,3840.236,23015.854,14860.476,58844.57,
662,432.23831224236136,6.6742716,,,,,,,,,,,1307903.8,148873.6,702130.56,1031009.75,
663,409.1621615642743,6.6742716,,,,,,,,,,,154099.72,14776.887,75549.36,109389.97,
664,404.20673823459606,6.6742716,,,,,,,,,,,122368.34,13011.9795,61591.71,94664.29,
665,418.2221430942743,6.6742716,,,,,,,,,,,62380.48,5847.7637,34496.027,47898.297,
667,667.2433135210035,6.706604,,,,,,,,,,,726.7902,41995.934,4918.952,3283.5535,
668,702.2804567655827,6.7030163,,,,,,,,,,,2110.6748,114368.49,12510.209,9512.587,
670,716.2951670210014,6.7570176,,,,,,,,,,,3514.0554,196.0422,10407.277,57458.477,
671,424.3059436320206,6.5954227,,,,,,,,,,,2894.228,46884.316,12791.803,145971.66,
672,415.1387361217024,6.7317758,,,,,,,,,,,36435.082,35355.543,35542.285,37700.133,
673,455.1314737831524,6.735379,,,,,,,,,,,790276.06,811781.06,784858.2,830246.5,
674,716.247986974818,6.726322,,,,,,,,,,,0,46723.105,103.30541,97.58635,
676,450.17610514888815,6.764184,,,,,,,,,,,806621.94,834781.6,777940.2,850305.56,
677,816.3226266776433,6.764183,,,,,,,,,,,35480.87,37370.582,33720.184,36428.3,
678,478.20745958642766,6.764182,,,,,,,,,,,299751.78,357477.7,321938.6,315228.6,
680,426.3215771046702,6.7929745,,,,,,,,,,,1304.7465,5193.483,17721.75,17621.79,
688,415.2116806305947,6.9190283,,,,,,,,,,,32856.066,31800.963,15874.32,19786.723,
689,460.2706610192719,6.9190283,,,,,,,,,,,65507.23,69562.984,30856.71,42601.793,
690,646.0312168825836,6.9282107,,,,,,,,,,,259.0356,181632.45,0,155.58768,
691,432.2382983951221,6.929843,,,,,,,,,,,30955.52,4901.7305,15748.428,26192.117,
693,474.1740018683328,6.9474044,,,,,,,,,,,12184.028,1005.5947,0,5043.1235,
694,656.1977508037248,6.962218,,,,,,,,,,,16798.654,2222.5027,10331.59,19264.104,
695,716.2951440074896,6.929796,,,,,,,,,,,1356.8802,196.0422,2768.594,11301.626,
699,421.3174753792862,7.005415,,,,,,,,,,,109054.32,61856.742,83520.85,85229.61,
700,844.3539885595719,7.016225,,,,,,,,,,,32729.023,28624.916,30714.28,33697.76,
703,414.2931232363282,6.9730277,,,,,,,,,,,848.46356,120841.55,712.0709,2801.4795,
704,432.31077512857087,7.045064,,,,,,,,,,,4657.7324,39242.246,14928.712,10200.71,
705,450.31828740596916,6.969438,,,,,,,,,,,848.4056,68736.76,193.54877,700.8812,
706,472.29722954643387,7.023499,,,,,,,,,,,71.117676,22282.76,82.863144,325.4089,
707,408.31122137779744,7.063083,,,,,,,,,,,8820.669,2870.5886,8588.959,20113.365,
709,464.2814143529807,7.1875944,,,,,,,,,,,155281.97,20338.297,3656.3616,3137.68,
710,495.12633334216,7.13149,,,,,,,,,,,35531.152,3980.7048,23207.826,42020.332,
712,473.1445257957913,7.1314797,,,,,,,,,,,16432.834,2136.6648,11010.935,22085.771,
713,478.2073188426954,7.1350822,,,,,,,,,,,227543.14,206619.45,215410.34,213163.86,
714,483.1627372306608,7.1350822,,,,,,,,,,,36870.52,31041.998,35055.36,32629.59,
715,700.2650724994311,7.167991,,,,,,,,,,,0,70429.58,671.467,617.21124,
718,451.0998814512401,7.1782837,,,,,,,,,,,31200.129,4178.394,21667.303,33234.145,
719,488.29917561321076,7.240732,,,,,,,,,,,74992.086,59354.156,45185.9,48178.21,
720,453.16702333845296,7.2408266,,,,,,,,,,,180166.72,123444.08,105560.26,97349.25,
721,502.27941939117017,7.244256,,,,,,,,,,,93292.77,91689.445,57556.062,58193.344,
723,415.2113429086343,7.247573,,,,,,,,,,,4868207.5,3979420.8,2811554.8,2765035.0,
724,432.2379878921855,7.247573,,,,,,,,,,,1283110.8,990262.7,647884.44,655378.0,
725,437.19333854060085,7.247573,,,,,,,,,,,1773142.1,1262205.5,969851.44,994958.75,
726,460.26920422429976,7.247573,,,,,,,,,,,8250332.0,7096926.0,5108097.5,5003398.5,
727,446.2532805755576,7.247573,,,,,,,,,,,418123.6,373252.44,256286.25,257292.89,
728,476.26376072845676,7.247573,,,,,,,,,,,86003.99,84361.87,54589.71,50693.64,
729,846.4414602424857,7.247573,,,,,,,,,,,39562.246,23968.355,11297.924,11409.001,
730,851.3966754160438,7.247573,,,,,,,,,,,88114.13,41406.36,21730.072,20651.232,
731,686.2846848887465,7.2744226,,,,,,,,,,,6474.4976,105067.4,19229.262,22037.62,
733,478.1706802620488,7.345029,,,,,,,,,,,2085417.6,2018264.1,1858616.1,2122414.0,
734,483.1260343427039,7.345029,,,,,,,,,,,1213720.9,1313492.8,1309393.9,1287057.2,
735,499.0997021415831,7.345029,,,,,,,,,,,131000.19,163604.19,151015.11,166099.47,
736,506.20192827347427,7.345029,,,,,,,,,,,275640.53,352034.78,325325.44,318722.03,
737,698.3013827472909,7.359045,,,,,,,,,,,123327.8,96265.16,146148.25,94461.56,
738,654.2751456433163,7.366127,,,,,,,,,,,153806.34,162118.88,164634.3,181614.33,
741,714.2793188276955,7.380365,,,,,,,,,,,79328.055,1951498.9,157189.83,99958.11,
742,651.2478247910606,7.3024006,,,,,,,,,,,3607.6633,123758.07,7502.786,8606.693,
743,697.2531897281063,7.376761,,,,,,,,,,,18688.768,577434.8,41673.0,23731.607,
744,719.2347303884856,7.383841,,,,,,,,,,,4366.9443,123136.6,9254.312,5695.572,
745,742.3230958619746,7.362569,,,,,,,,,,,47450.668,111214.42,23835.21,24082.354,
747,754.3476519996565,7.4174333,,,,,,,,,,,114115.734,0,44650.047,68274.12,
748,670.253778026939,7.4304333,,,,,,,,,,,91.31161,40286.977,486.7157,586.2013,
749,464.2817829229532,7.3454895,,,,,,,,,,,314493.66,32217.035,1986.5603,2021.6533,
750,500.3020402018126,7.348854,,,,,,,,,,,135647.14,13416.307,134.07399,378.60013,
753,665.263895958115,7.5024385,,,,,,,,,,,10199.815,464.59525,35082.652,28639.545,
754,705.2561902510788,7.516858,,,,,,,,,,,15208.3,330.7304,51056.504,41424.18,
755,683.2744428608271,7.516858,,,,,,,,,,,73287.67,2392.4717,247077.83,197800.64,
756,700.3014246379197,7.516858,,,,,,,,,,,228287.78,10758.171,747232.25,626668.25,
757,728.3338089241695,7.56009,,,,,,,,,,,34987.05,2901.5398,147570.16,112587.766,
761,524.3725111559112,7.5672574,,,,,,,,,,,141178.83,14265.122,59866.31,67.03388,
765,686.3217322106057,7.662323,,,,,,,,,,,46894.582,0,25053.184,159470.52,
766,669.2952385828218,7.662323,,,,,,,,,,,18404.553,0,9745.783,58369.965,
768,804.2132847199688,7.6753864,,,,,,,,,,,30734.504,9533.798,24556.201,34216.277,
770,714.353317783713,7.6671386,,,,,,,,,,,22592.488,0,12757.781,104533.57,
771,726.3330919819042,7.6898003,,,,,,,,,,,51176.273,55701.816,53750.734,54102.74,
772,682.3068081072433,7.7042303,,,,,,,,,,,78944.61,80386.31,68531.46,89670.63,
773,506.20225090357803,7.707837,,,,,,,,,,,529536.94,622446.9,539087.0,541864.06,
774,511.1574587965439,7.707837,,,,,,,,,,,104661.01,149018.55,90379.71,105390.49,
775,527.1315149261886,7.711442,,,,,,,,,,,41931.895,59190.453,49341.664,43565.56,
776,460.24588457602624,7.5780377,,,,,,,,,,,152020.14,143219.27,157848.52,153655.77,
777,415.1881358934549,7.5744314,,,,,,,,,,,118973.39,110700.4,120319.43,112575.88,
779,437.17004639349,7.6212883,,,,,,,,,,,41118.457,40706.53,37305.0,35480.69,
781,425.1940704478573,7.7615795,,,,,,,,,,,18564.098,51795.035,35633.938,36985.254,
782,483.1260734687121,7.7111626,,,,,,,,,,,346822.2,200901.55,176453.48,151130.72,
784,402.39388454659684,7.80095,,,,,,,,,,,36488.71,2273.459,26125.055,36664.33,
786,714.2390942374819,7.862273,,,,,,,,,,,425257.44,486805.28,440762.0,515976.2,
787,742.2702450391575,7.862273,,,,,,,,,,,124653.91,159792.03,138124.05,155955.2,
788,752.332077180452,7.8634205,,,,,,,,,,,19632.021,0,55941.965,77630.77,
789,719.1943994554483,7.8659005,,,,,,,,,,,192195.94,203599.03,287354.12,309983.78,
790,698.2891330962366,7.8695126,,,,,,,,,,,59118.047,17846.707,16926.834,21169.238,
793,527.2962773759799,8.041933,,,,,,,,,,,98874.516,47557.484,363554.22,1116593.9,
794,570.2564491460241,8.041933,,,,,,,,,,,12117.82,5105.7754,41867.582,61625.047,
797,528.3037804095851,8.15666,,,,,,,,,,,84778.234,7637.3794,69356.28,93569.53,
798,478.29273466651114,8.092211,,,,,,,,,,,70057.18,54579.223,91790.99,77271.09,
799,524.2747101018572,8.013464,,,,,,,,,,,52607.367,10987.429,33864.113,58465.44,
800,502.2927140820131,8.117321,,,,,,,,,,,327513.97,82004.305,248243.81,369540.5,
802,580.2750217924676,8.020639,,,,,,,,,,,239041.56,284851.22,250857.47,300558.62,
804,443.1827998278342,8.049247,,,,,,,,,,,387870.22,432537.56,402688.03,380489.88,
805,460.2092593806291,8.049247,,,,,,,,,,,92941.81,93496.79,110625.555,90890.18,
806,488.24142183644153,8.052703,,,,,,,,,,,762991.56,776270.2,817861.44,775812.94,
807,465.1646710057679,8.056256,,,,,,,,,,,218917.42,220078.7,235804.0,240804.06,
808,684.3078068666817,8.034704,,,,,,,,,,,70691.52,616.1889,22232.576,79331.2,
809,712.34070112426,8.066971,,,,,,,,,,,43400.1,1339.5093,13458.526,49384.324,
810,719.1942389790913,7.981205,,,,,,,,,,,132818.45,121642.07,139814.7,127850.984,
812,700.3013551091366,8.081253,,,,,,,,,,,14503.527,1259.0583,34755.32,81436.66,
813,526.2929900507927,8.074223,,,,,,,,,,,416591.84,154930.12,1297907.8,1859575.9,
814,548.2746361339186,8.041933,,,,,,,,,,,45949.992,20613.71,172799.52,268120.25,
815,955.2627227071692,8.116958,,,,,,,,,,,8114.465,40499.883,10234.696,12881.405,
823,1045.3677206776479,8.29714,,,,,,,,,,,44659.383,1065.8484,29415.213,47834.965,
824,542.3214362835007,8.322435,,,,,,,,,,,25758.383,63365.09,28228.408,28622.492,
825,520.3397494483922,8.322435,,,,,,,,,,,206448.55,525921.8,231640.05,244760.47,
826,594.1602860059614,8.3404255,,,,,,,,,,,63879.504,4136.2656,40258.516,69344.85,
827,719.1941796217309,8.340433,,,,,,,,,,,77554.7,67337.19,103212.164,103548.18,
828,528.3085698726163,8.33685,,,,,,,,,,,92322.66,10156.103,14080.53,53371.72,
829,608.3062417269374,8.362038,,,,,,,,,,,144208.84,138329.06,135357.3,142543.64,
830,546.3506251051537,8.354773,,,,,,,,,,,276894.06,34436.04,130741.15,13764.84,
831,524.3729070732426,8.405399,,,,,,,,,,,2474448.2,323696.1,1251193.8,96.60796,
832,568.3398827095406,8.217801,,,,,,,,,,,114798.23,35940.066,283098.0,194004.64,
833,590.3211647719404,8.217801,,,,,,,,,,,12202.222,3344.0076,30905.148,21733.967,
834,544.3397879954066,8.268312,,,,,,,,,,,251032.7,109248.48,123482.51,241223.52,
835,616.462994176803,8.466644,,,,,,,,,,,89793.41,55087.02,85242.84,107618.445,
836,528.4105573794336,8.466644,,,,,,,,,,,103797.72,81528.44,86917.84,73515.23,
837,572.436787043726,8.466644,,,,,,,,,,,102161.76,78700.016,82434.516,78313.02,
838,483.12598010056706,8.527769,,,,,,,,,,,209100.81,237655.56,221836.5,164896.1,
839,570.3530973048287,8.488306,,,,,,,,,,,58035.137,12293.974,15092.24,25964.799,
840,520.3395809750133,8.553207,,,,,,,,,,,147164.77,311444.47,164817.02,116054.805,
841,869.2621024379083,8.549599,,,,,,,,,,,98159.75,88540.69,35440.48,158027.05,
842,454.29253122136873,8.56764,,,,,,,,,,,150324.94,113105.92,141097.98,23572.898,
845,762.2755139915996,8.628628,,,,,,,,,,,122741.12,155686.92,128755.21,129297.49,
846,667.2791396213373,8.650297,,,,,,,,,,,224858.14,3621.3677,382075.4,523863.12,
847,684.3058949991257,8.650297,,,,,,,,,,,582108.06,12332.869,986678.06,1347016.5,
848,689.2609887987471,8.653862,,,,,,,,,,,67553.6,982.33093,115423.73,159784.98,
849,712.336894384324,8.653862,,,,,,,,,,,59080.387,677.8888,106152.09,153634.0,
850,767.230716330031,8.682743,,,,,,,,,,,195658.97,178816.9,175060.12,129857.33,
852,414.3032591147967,8.779959,,,,,,,,,,,106211.08,26696.945,83489.43,111204.695,
853,480.30818543815946,8.804872,,,,,,,,,,,100153.52,60448.59,59975.29,15844.244,
854,653.2999529342284,8.81195,,,,,,,,,,,494275.53,168.96414,137963.12,532361.5,
855,670.3255226944805,8.854834,,,,,,,,,,,831932.3,475.3053,241302.48,919320.94,
856,698.3580298013466,8.815466,,,,,,,,,,,674391.56,260.49506,199747.62,835270.0,
857,675.2776553944805,8.797515,,,,,,,,,,,148905.1,97.70613,39822.812,160135.25,
858,786.2022978761814,8.926339,,,,,,,,,,,177667.38,11337.948,113189.13,199275.61,
859,577.3553319373889,8.951263,,,,,,,,,,,121386.805,19988.5,91565.81,125136.66,
860,425.21400573778214,9.094174,,,,,,,,,,,162309.97,132741.45,159018.1,154850.88,
861,668.3106515768651,9.098241,,,,,,,,,,,368743.94,0,149603.03,258818.58,
862,696.3417190622715,9.097682,,,,,,,,,,,459484.22,385.00024,194036.7,347756.5,
863,651.2840699486131,9.098241,,,,,,,,,,,174733.6,0,68235.125,118615.75,
864,758.5685836592652,9.19099,,,,,,,,,,,450813.2,187893.44,1226961.6,2647330.0,
866,820.5980087224117,9.191319,,,,,,,,,,,703656.6,815382.9,660960.5,827030.5,
867,776.5718989426673,9.19803,,,,,,,,,,,1564542.0,1539697.0,1197577.9,1602916.5,
868,557.4448072015822,9.231382,,,,,,,,,,,1339865.9,1306897.8,1897463.9,1302231.1,
869,892.6188758494089,9.221338,,,,,,,,,,,404849.47,414985.5,392365.28,319781.84,
870,732.5458811411556,9.221338,,,,,,,,,,,2748252.2,2571367.8,2247077.0,2603537.2,
871,688.5198477020829,9.22459,,,,,,,,,,,3140971.8,3799270.8,3160270.2,3799746.8,
872,600.4676014534908,9.234744,,,,,,,,,,,6253353.5,5967275.0,5358501.0,5994883.0,
873,644.4936997329853,9.2348,,,,,,,,,,,5264363.0,4528260.5,5042637.0,5046465.0,
874,806.5698758220756,9.234744,,,,,,,,,,,154156.36,493071.97,184682.97,1798978.2,
875,556.4415283502442,9.241333,,,,,,,,,,,6010471.0,5600006.5,6059307.5,6032828.5,
876,512.4153997302972,9.251299,,,,,,,,,,,5109831.5,4845537.0,4888663.0,4361315.0,
877,848.5928465754456,9.248065,,,,,,,,,,,595220.3,813190.25,623258.6,634618.44,
878,424.3625975812206,9.251299,,,,,,,,,,,967059.1,836241.3,811938.06,855577.4,
879,468.3890776712154,9.25474,,,,,,,,,,,2588791.8,2232192.8,2411552.5,2432373.8,
880,804.5671363950919,9.261408,,,,,,,,,,,815655.8,654470.3,826325.75,885705.44,
881,760.5408552950814,9.274888,,,,,,,,,,,1379084.5,1357765.0,1304788.2,1011040.4,
882,716.5147546732618,9.288141,,,,,,,,,,,1566156.1,1610250.4,1260180.0,1280018.8,
883,782.568097400423,9.366044,,,,,,,,,,,156162.45,6540261.5,671684.4,4064192.2,
884,672.4885845902401,9.315037,,,,,,,,,,,1843194.5,1490744.6,1481533.9,1781574.5,
885,496.33943280763606,9.332291,,,,,,,,,,,606767.3,264170.44,601693.7,161996.25,
886,628.4624614634309,9.342334,,,,,,,,,,,2144508.5,1895734.4,1863783.2,1862201.9,
887,584.4363796284723,9.355601,,,,,,,,,,,1605985.2,1615916.5,1553522.9,1881743.6,
888,540.4104524506381,9.382738,,,,,,,,,,,1767552.8,2206966.5,1308114.2,1682665.0,
889,758.5683785311467,9.28506,,,,,,,,,,,297842.9,31369.2,3243785.5,587866.3,
890,496.3838645687654,9.403192,,,,,,,,,,,1370744.4,1103913.9,1055883.1,1077729.8,
891,452.35761408273817,9.42389,,,,,,,,,,,805798.94,650461.3,559491.1,553701.06,
892,834.6139313958402,9.558041,,,,,,,,,,,1463132.5,1140377.0,949875.0,1027852.44,
893,790.587637127857,9.594085,,,,,,,,,,,2329825.0,2664696.8,1873414.6,1936172.4,
894,746.5616541058814,9.597325,,,,,,,,,,,5773645.0,4574146.5,3170231.2,3282612.2,
895,764.5214158382066,9.622674,,,,,,,,,,,2807681.0,668.9082,3554136.8,13007.887,
896,702.5355437230273,9.620109,,,,,,,,,,,5624021.5,6990179.0,4758490.5,4987159.5,
897,614.4834398304673,9.6233015,,,,,,,,,,,1.4511981E7,1.1690659E7,7792589.5,8043982.0,
898,658.5094369529074,9.6266165,,,,,,,,,,,7515367.0,9547867.0,6394375.0,6513364.5,
899,663.4626484424341,9.777923,,,,,,,,,,,413114.16,183746.83,261750.25,544172.8,
900,570.4572681911402,9.639397,,,,,,,,,,,9624901.0,1.2462305E7,8277407.0,8458518.0,
901,526.4311514318401,9.642652,,,,,,,,,,,8442336.0,1.0811134E7,7275474.0,7254874.5,
902,575.4127002975383,9.777923,,,,,,,,,,,353572.72,819052.75,422605.94,901424.94,
903,438.37847259170235,9.649033,,,,,,,,,,,1864227.2,2118476.0,1496794.2,1423021.2,
904,443.333767740689,9.665099,,,,,,,,,,,559606.9,1127683.8,971098.2,773616.1,
906,482.40478349638084,9.662006,,,,,,,,,,,4845879.0,6087631.5,4089482.2,3994348.5,
907,487.3602423492713,9.7811775,,,,,,,,,,,412965.28,941830.6,381256.53,775530.0,
908,531.3865679803608,9.781383,,,,,,,,,,,340427.66,263170.44,426462.94,928739.25,
909,659.286255752528,9.684632,,,,,,,,,,,445753.22,47209.02,164332.83,187289.94,
910,780.5517990601697,9.787518,,,,,,,,,,,590414.2,366720.22,150788.3,309527.5,
911,1295.5844399741816,9.684496,,,,,,,,,,,289633.25,12438.067,58264.098,86370.55,
913,637.3047894139186,9.6781435,,,,,,,,,,,2857430.5,302105.75,728838.1,748382.7,
914,654.3313403923132,9.68132,,,,,,,,,,,996960.1,139835.78,326494.47,366173.44,
915,682.36252646803,9.684496,,,,,,,,,,,3676222.2,612035.4,1176360.1,1111806.4,
916,619.4388726988941,9.777923,,,,,,,,,,,281121.22,668647.6,344424.8,746976.44,
919,782.5681004744844,9.784136,,,,,,,,,,,171942.6,1477062.0,189288.1,1135910.5,
922,449.1989725389299,9.821358,,,,,,,,,,,125409.17,98449.375,133166.4,453815.34,
923,707.4911099892059,9.790954,,,,,,,,,,,109605.86,41571.254,148814.67,387648.47,
929,406.32883027215007,9.824818,,,,,,,,,,,1960774.2,706286.75,1132076.0,1369276.8,
931,493.2252574836675,9.821437,,,,,,,,,,,107189.64,75010.87,93279.12,388661.53,
932,561.3970749029513,9.828297,,,,,,,,,,,98564.54,97546.11,129736.055,483921.56,
933,760.5776105312641,9.921763,,,,,,,,,,,3225696.0,2838778.2,2277651.8,2949250.2,
934,804.6033898225626,9.927945,,,,,,,,,,,1574436.1,1213028.0,1170965.1,1506298.1,
935,512.4156513665612,9.84452,,,,,,,,,,,1110733.5,1159355.4,1512738.4,1086032.4,
936,644.4939811897069,9.844845,,,,,,,,,,,1159926.5,1215559.1,878880.75,1141206.1,
937,556.4417904192634,9.890956,,,,,,,,,,,1385107.4,1450370.0,1061867.5,2183400.0,
938,600.4678922622534,9.890956,,,,,,,,,,,1366542.6,1431326.1,1032886.2,2106814.0,
939,628.499252817697,9.93444,,,,,,,,,,,8208976.0,8216519.5,5709645.0,7236369.0,
940,672.5252597491863,9.93444,,,,,,,,,,,6722744.0,4784365.5,3435049.5,5792036.0,
941,716.5513111650837,9.93444,,,,,,,,,,,4415036.0,4059426.8,3162914.0,4156081.8,
942,584.4730959832582,9.9377775,,,,,,,,,,,9748902.0,9621517.0,6387556.0,7616018.5,
943,540.4469271997704,9.953847,,,,,,,,,,,9213659.0,9280142.0,6165019.0,7234964.5,
944,496.42065124972845,9.990033,,,,,,,,,,,5956964.5,6140292.5,4111549.8,4739382.0,
945,452.3943079897782,9.973364,,,,,,,,,,,2334904.8,2200420.8,1600217.9,1564252.0,
946,804.555038109921,10.190271,,,,,,,,,,,166132.03,789493.5,196142.84,405061.84,
947,780.5522596081396,10.197103,,,,,,,,,,,753214.94,426227.1,556706.06,393652.8,
948,758.5689931679618,10.197103,,,,,,,,,,,420516.62,171714.11,829860.8,503105.22,
949,782.5685155709926,10.200564,,,,,,,,,,,191533.98,1850135.1,476973.56,810683.6,
950,429.40502401529193,10.268942,,,,,,,,,,,1696032.5,592670.4,534843.3,532785.6,
951,406.3291896744427,10.282425,,,,,,,,,,,2.0381724E7,1.2119176E7,7369849.0,8546943.0,
953,789.6688594865913,10.289482,,,,,,,,,,,525081.2,308304.03,100053.89,285223.97,
954,782.569023546439,10.494405,,,,,,,,,,,162507.39,1064241.5,365532.03,859178.7,
955,531.3871440626467,10.52586,,,,,,,,,,,45952.348,44570.34,96929.02,227229.06,
956,575.4132003840598,10.511868,,,,,,,,,,,32709.826,126957.13,104655.305,243944.27,
957,1199.7742407240235,10.9999895,,,,,,,,,,,272237.25,0,523636.1,2515.5186,
958,434.36054189444314,11.0646515,,,,,,,,,,,552641.9,345618.62,274107.1,369075.12,
959,406.3291808266175,11.075228,,,,,,,,,,,2670354.5,1954122.1,1580457.2,2167339.5,
960,1194.8184027407854,11.070207,,,,,,,,,,,631706.5,0,989334.56,8008.3745,
961,782.5689508022053,11.078739,,,,,,,,,,,239550.64,856147.5,405016.75,546225.4,
962,808.5840464407868,11.082262,,,,,,,,,,,111932.46,410390.88,271175.6,241606.72,
963,804.5545034860179,11.082262,,,,,,,,,,,165323.67,1360322.8,194552.4,617171.2,
964,719.1947996605946,11.082166,,,,,,,,,,,631623.25,415370.66,372416.0,436208.34,
965,780.5525498868332,11.082262,,,,,,,,,,,920019.4,326523.66,599688.4,583459.06,
966,758.5695590088208,11.082262,,,,,,,,,,,341726.03,142902.94,575719.3,318524.06,
967,651.3850641802766,11.577878,,,,,,,,,,,242749.98,0,195.07729,463.43524,
968,610.1843203828116,11.607673,,,,,,,,,,,3967888.0,658752.94,2274106.2,648282.9,
969,607.3828924131624,11.604172,,,,,,,,,,,403146.97,10165.06,199371.23,387845.78,
970,939.5953711891602,11.604152,,,,,,,,,,,387770.56,6166.7334,142054.64,207961.28,
971,934.6399355294183,11.607673,,,,,,,,,,,403027.0,8461.772,190737.47,311644.6,
